"","post_M"
"1",0.129112012247681
"2",0.142037477518354
"3",0.131514501482987
"4",0.140405491369859
"5",0.16319893983313
"6",0.143610030952131
"7",0.129513516994143
"8",0.152020749423283
"9",0.14360896787856
"10",0.155303786304774
"11",0.132826288832713
"12",0.149132835072139
"13",0.144522889650924
"14",0.145631569038608
"15",0.14309811767537
"16",0.151751727899136
"17",0.128129669540159
"18",0.140508942591889
"19",0.141734523902132
"20",0.135472635050525
"21",0.147478629380031
"22",0.141827779983822
"23",0.14009778742204
"24",0.135210923353433
"25",0.128844522594645
"26",0.138796308819766
"27",0.153444089213103
"28",0.155688353404545
"29",0.147197790257493
"30",0.152487250858139
"31",0.132505504380969
"32",0.1384029914407
"33",0.164979684408723
"34",0.139598309776024
"35",0.150824685140551
"36",0.141373479064295
"37",0.13485457844991
"38",0.13979085014457
"39",0.153905665246447
"40",0.148806906978446
"41",0.145875284119884
"42",0.155354941206434
"43",0.132480228708333
"44",0.14134967699016
"45",0.140819468234845
"46",0.159357857094928
"47",0.136177464711183
"48",0.161133772420662
"49",0.150278343272977
"50",0.150325132457514
"51",0.133161617728101
"52",0.150299328850293
"53",0.142082120204231
"54",0.135544230809742
"55",0.133283846712196
"56",0.126408030055364
"57",0.15435362250614
"58",0.127046683769016
"59",0.135196062852404
"60",0.152537242290314
"61",0.14090988653659
"62",0.146675217817588
"63",0.150222385781161
"64",0.150761450350169
"65",0.143007022946008
"66",0.147789236285496
"67",0.138596218874728
"68",0.136874775858424
"69",0.138993994985836
"70",0.121765773874898
"71",0.153898221936804
"72",0.139912088729847
"73",0.12883422610866
"74",0.150716682311115
"75",0.15140320757227
"76",0.132014348917171
"77",0.1326311493861
"78",0.124434617466003
"79",0.134736138650989
"80",0.137849094856257
"81",0.146193970093902
"82",0.140988792892119
"83",0.135887473518628
"84",0.144665451151273
"85",0.138739366657971
"86",0.137179527186749
"87",0.137560858310055
"88",0.138927451129387
"89",0.133507424827335
"90",0.152824926207494
"91",0.142946070754345
"92",0.146584148452883
"93",0.131267167418221
"94",0.144764194561026
"95",0.149236252403627
"96",0.146978449822882
"97",0.145294393613608
"98",0.130120332065673
"99",0.146980927629674
"100",0.158894009840215
"101",0.135534375779647
"102",0.132123019689226
"103",0.148121979055108
"104",0.139383135550407
"105",0.13961431001561
"106",0.143646338405636
"107",0.142337616894721
"108",0.134953204651763
"109",0.148505127258193
"110",0.148618589913115
"111",0.139950559394978
"112",0.132478622861376
"113",0.145261771825972
"114",0.152821288017006
"115",0.153207839899389
"116",0.147303898227172
"117",0.133069447239537
"118",0.119700425910554
"119",0.135488609824667
"120",0.174920882293713
"121",0.125046442738389
"122",0.135598155476038
"123",0.15273429644902
"124",0.158695340620568
"125",0.141567466377155
"126",0.144506608736579
"127",0.15536343203771
"128",0.159425017729705
"129",0.142834687894832
"130",0.162060267417306
"131",0.146161585287097
"132",0.13590789224348
"133",0.151980175731755
"134",0.133955673111341
"135",0.160875045912054
"136",0.130850915680816
"137",0.139899422675549
"138",0.162625406823366
"139",0.141284571221242
"140",0.143631420818729
"141",0.158308693878314
"142",0.154662544488415
"143",0.141761289391916
"144",0.138825006314542
"145",0.125951338423242
"146",0.146950627671812
"147",0.149468516263858
"148",0.138761585166301
"149",0.148610761527112
"150",0.144930027052436
"151",0.145802161679533
"152",0.155598260577597
"153",0.144622543803644
"154",0.13566650215429
"155",0.126611906441836
"156",0.132559564869864
"157",0.135824712636318
"158",0.143617871159329
"159",0.130158134526191
"160",0.149529376761656
"161",0.13129816384172
"162",0.132086031893987
"163",0.158421575844229
"164",0.138228133869484
"165",0.141164303288402
"166",0.149438861285415
"167",0.143523035311655
"168",0.135747749863967
"169",0.140394819191471
"170",0.138679906208759
"171",0.151658980349392
"172",0.140496312785272
"173",0.127791271988069
"174",0.148250557074968
"175",0.143596411231211
"176",0.134800649274198
"177",0.146497165929477
"178",0.154222465632542
"179",0.152034817358914
"180",0.127069792573349
"181",0.152880045830756
"182",0.126330561603791
"183",0.123347202476432
"184",0.140461985124127
"185",0.130902514262137
"186",0.130009966731764
"187",0.15030435788857
"188",0.146132136799034
"189",0.137302695778868
"190",0.130627233137795
"191",0.140390280257299
"192",0.136532018706722
"193",0.14810979029285
"194",0.142869688398478
"195",0.145423276884994
"196",0.154880767958182
"197",0.125877880464758
"198",0.146264628713027
"199",0.124516194541529
"200",0.140539755522325
"201",0.138729628407474
"202",0.137156042756189
"203",0.147531602675086
"204",0.12663401399031
"205",0.153954033627409
"206",0.126919663812839
"207",0.14616809467691
"208",0.136200341950403
"209",0.154042429424919
"210",0.139899141272047
"211",0.16073135214474
"212",0.149403604511278
"213",0.122749569757731
"214",0.134104171385426
"215",0.148829119362294
"216",0.136448286161909
"217",0.138438089355702
"218",0.141416240302647
"219",0.152116030614941
"220",0.147416534214773
"221",0.122537766009338
"222",0.148299311508115
"223",0.153808794927984
"224",0.139629128649897
"225",0.147129662068457
"226",0.151092506503965
"227",0.148130623620527
"228",0.152709583165225
"229",0.147064679930902
"230",0.141700678555762
"231",0.146696202210201
"232",0.136571923503174
"233",0.133541488975226
"234",0.154353823725239
"235",0.156231321381238
"236",0.149503440052353
"237",0.130249055915576
"238",0.15191063521421
"239",0.154800163873698
"240",0.152785270602476
"241",0.142635124888582
"242",0.147029889686444
"243",0.149157531933301
"244",0.147526628042656
"245",0.138541926366867
"246",0.148863275073906
"247",0.129051595849184
"248",0.137910849768066
"249",0.135599483870062
"250",0.161024129444489
"251",0.1271663391532
"252",0.14081791328809
"253",0.147419322261004
"254",0.140151383103352
"255",0.133877432999088
"256",0.134849532157876
"257",0.143739277687732
"258",0.138746747597735
"259",0.129085886788709
"260",0.127283778453925
"261",0.133882165815925
"262",0.134286032716726
"263",0.143888014114983
"264",0.128060817162794
"265",0.147115885828223
"266",0.140980608036173
"267",0.144056510416662
"268",0.129514638684411
"269",0.160313527094525
"270",0.143150704006158
"271",0.150181205939394
"272",0.139573880981184
"273",0.137426868379959
"274",0.1423979025516
"275",0.145117899897327
"276",0.134239713711798
"277",0.142207480705314
"278",0.143022794539026
"279",0.144194949850661
"280",0.149410689931237
"281",0.148766284811959
"282",0.142181344227805
"283",0.148100936244806
"284",0.145062827631723
"285",0.130264077978939
"286",0.146018648600808
"287",0.128607067864092
"288",0.144757025028878
"289",0.142510454698804
"290",0.154275649067056
"291",0.144442043594294
"292",0.146676853006557
"293",0.124672914592055
"294",0.1381230210728
"295",0.155984855251346
"296",0.131648548910847
"297",0.15979048446877
"298",0.128295055185674
"299",0.13860892327455
"300",0.14079003683774
"301",0.126138180761242
"302",0.148373528806708
"303",0.144015444567734
"304",0.151481427089027
"305",0.172740412310147
"306",0.152827269469673
"307",0.152750515817134
"308",0.134587135675857
"309",0.144432106365975
"310",0.149805929643638
"311",0.145421031069659
"312",0.147034949620219
"313",0.151680910950159
"314",0.135957894428293
"315",0.140933866459307
"316",0.127543294147826
"317",0.150489375678541
"318",0.139855445386764
"319",0.141986684843108
"320",0.119900255807041
"321",0.146563404172903
"322",0.122694349297883
"323",0.126496915493799
"324",0.128318541148687
"325",0.13903679086368
"326",0.137350553840498
"327",0.136863247944735
"328",0.126971752064605
"329",0.145326070587433
"330",0.136563447667548
"331",0.127574978030411
"332",0.143358749744811
"333",0.139102665474972
"334",0.141461917296372
"335",0.158834589750793
"336",0.143230972123545
"337",0.141217187206297
"338",0.158737507303459
"339",0.157569666756782
"340",0.142772003986464
"341",0.137452468486577
"342",0.142442930250851
"343",0.148261156741674
"344",0.132649452053979
"345",0.131762241955107
"346",0.142237836973884
"347",0.141032544853503
"348",0.128492238709431
"349",0.14153849850409
"350",0.146045388647154
"351",0.137641094993
"352",0.136445712509331
"353",0.141784174535992
"354",0.132082128477836
"355",0.137144756708013
"356",0.146685044689445
"357",0.138259774867766
"358",0.153202324234603
"359",0.130737533530698
"360",0.131935341490685
"361",0.151397524613387
"362",0.142248831551377
"363",0.153687431625681
"364",0.148344187004586
"365",0.146184821181361
"366",0.138532327611728
"367",0.144894456445766
"368",0.142397370895785
"369",0.12709908180834
"370",0.148989675993926
"371",0.148190404934628
"372",0.155718173735444
"373",0.147028270812255
"374",0.14578376735541
"375",0.149349845230429
"376",0.144861834164464
"377",0.13550807176295
"378",0.145510742845887
"379",0.134372095427266
"380",0.132009913672868
"381",0.131977643138474
"382",0.142479702096558
"383",0.1609471622614
"384",0.135161605515843
"385",0.128924806614129
"386",0.127920225974462
"387",0.146720292644299
"388",0.144386246627963
"389",0.128411122723355
"390",0.155918386784634
"391",0.137072833918439
"392",0.151017720956893
"393",0.144047368474531
"394",0.134195591941731
"395",0.146321102690518
"396",0.16993972072626
"397",0.130439755365492
"398",0.146167164310257
"399",0.180004447529446
"400",0.134034832772409
"401",0.127275271107083
"402",0.128254260140402
"403",0.143424378628633
"404",0.141356927837862
"405",0.141367307290049
"406",0.144658062616614
"407",0.148811812507893
"408",0.134696835501981
"409",0.149457755545892
"410",0.126196521549949
"411",0.128368572867785
"412",0.148820964821291
"413",0.136770768755889
"414",0.13562663238251
"415",0.158236680437165
"416",0.141998639960309
"417",0.12452960423669
"418",0.128126065328964
"419",0.151883863115897
"420",0.135337795293215
"421",0.137225826845699
"422",0.158623999424616
"423",0.132978627490624
"424",0.145946709836137
"425",0.139760472508417
"426",0.145901887564643
"427",0.136821642842371
"428",0.145697823087344
"429",0.125282483874333
"430",0.137107232789375
"431",0.145725301903225
"432",0.131542588761183
"433",0.13518409846228
"434",0.140742628132672
"435",0.134309636455728
"436",0.154139539231761
"437",0.166865383336294
"438",0.132194150626593
"439",0.169704460047887
"440",0.148313830893915
"441",0.140627586217063
"442",0.140092390690455
"443",0.140207465019883
"444",0.150819817153192
"445",0.14718500363107
"446",0.121439436081425
"447",0.147562413037003
"448",0.143693200039845
"449",0.143268474972386
"450",0.133712632912297
"451",0.153885662391897
"452",0.138571152583577
"453",0.157199983052459
"454",0.145273746399596
"455",0.150147302839978
"456",0.138691623768412
"457",0.132288404707093
"458",0.158616310680212
"459",0.143937858035964
"460",0.126932335411331
"461",0.139096161330111
"462",0.139566016378117
"463",0.146048002549133
"464",0.140092921590045
"465",0.148191712200293
"466",0.128339508055728
"467",0.131465791307944
"468",0.136420606062726
"469",0.154709981601714
"470",0.141078024227758
"471",0.135248055376808
"472",0.166910300830349
"473",0.152767899296335
"474",0.131017516693661
"475",0.128062216417059
"476",0.138851099268436
"477",0.134898608639682
"478",0.145834672880608
"479",0.156751700841053
"480",0.115991678366414
"481",0.151764826893565
"482",0.136534146139892
"483",0.153239281320093
"484",0.151878602740553
"485",0.156054947469476
"486",0.137906640866568
"487",0.131505302654957
"488",0.146218701634425
"489",0.137699958823102
"490",0.139634743235752
"491",0.141362580283041
"492",0.157076336620879
"493",0.141434452244051
"494",0.147220058922562
"495",0.138246319482075
"496",0.144755625479412
"497",0.135217989984838
"498",0.135618482892417
"499",0.142490333548155
"500",0.163270187686695
"501",0.144202454961551
"502",0.128908835780689
"503",0.159092173828419
"504",0.144060138461954
"505",0.162792904147673
"506",0.145597010711462
"507",0.148099173433843
"508",0.14039131835555
"509",0.131032566994292
"510",0.137320550951863
"511",0.131362175446642
"512",0.149715140741103
"513",0.15410730437155
"514",0.148286500779261
"515",0.145688812237671
"516",0.141057997005876
"517",0.131803120877532
"518",0.144946155448938
"519",0.140631921526647
"520",0.141929166928919
"521",0.152739964990361
"522",0.14703095800547
"523",0.129503594503583
"524",0.151977335987807
"525",0.14542246863452
"526",0.149777244905752
"527",0.147995710111598
"528",0.132533116204082
"529",0.138703300110678
"530",0.159799324841575
"531",0.15007614212822
"532",0.155985905449716
"533",0.137501538879024
"534",0.13858741125628
"535",0.133080680528867
"536",0.165014072407057
"537",0.156620561327516
"538",0.128109518460739
"539",0.150591135586431
"540",0.14271372113173
"541",0.14229259806583
"542",0.126837714547703
"543",0.1292423334441
"544",0.133922926393195
"545",0.158581334286005
"546",0.141083220019185
"547",0.142653728116936
"548",0.140081932672413
"549",0.153436458711778
"550",0.142703330397834
"551",0.126911790533541
"552",0.146169804881214
"553",0.142077146030057
"554",0.147981361555396
"555",0.146400466097263
"556",0.145051610377
"557",0.147411878211443
"558",0.155484483171986
"559",0.151540473294949
"560",0.150252045422805
"561",0.147607247861569
"562",0.138856077168929
"563",0.139408706146696
"564",0.142053913147238
"565",0.131475270145602
"566",0.140050170866886
"567",0.136035618268267
"568",0.161223242006011
"569",0.135173597907473
"570",0.140329852537401
"571",0.146533094029704
"572",0.117104060420134
"573",0.143410562931333
"574",0.152511581292609
"575",0.150909623699439
"576",0.135755008194221
"577",0.133792268623591
"578",0.146178907176469
"579",0.143065374986977
"580",0.142743376216065
"581",0.135314312609418
"582",0.145114580100963
"583",0.137908698405595
"584",0.130334581255066
"585",0.137506115395601
"586",0.133947065074975
"587",0.139983943936892
"588",0.138424815732986
"589",0.150210751843964
"590",0.138249297438016
"591",0.149262923018243
"592",0.132525680807224
"593",0.134643797957121
"594",0.139600471156805
"595",0.129311187182565
"596",0.147248494571803
"597",0.13745623041329
"598",0.149500348402515
"599",0.151438246381688
"600",0.159092732268509
"601",0.153807960979645
"602",0.148965578582127
"603",0.143938609780198
"604",0.144228206247824
"605",0.140774767288576
"606",0.150736271487695
"607",0.133048077537299
"608",0.134154065073325
"609",0.139390826248564
"610",0.145284332425698
"611",0.143722834191786
"612",0.134293246298958
"613",0.137336456657697
"614",0.142516610354216
"615",0.14466909748319
"616",0.155452639565719
"617",0.143989193466144
"618",0.137854075348259
"619",0.157375760425731
"620",0.162027717898537
"621",0.131062669240243
"622",0.129506016093295
"623",0.141454320491088
"624",0.139811178123845
"625",0.133764086438685
"626",0.140766600545408
"627",0.132142596322476
"628",0.139213936620745
"629",0.161950178061881
"630",0.149836737547086
"631",0.143087082091948
"632",0.161428681557031
"633",0.140332948546237
"634",0.148472766915208
"635",0.145077037915837
"636",0.146044591783266
"637",0.148641625803708
"638",0.155668194292168
"639",0.140647576170647
"640",0.129421554116716
"641",0.147713549759153
"642",0.137911550760594
"643",0.148482905677833
"644",0.15461894512265
"645",0.135844987037752
"646",0.127423400086558
"647",0.14424258022031
"648",0.150957705316474
"649",0.151314617579272
"650",0.135219381887815
"651",0.128201379133646
"652",0.134463131795615
"653",0.125277631527329
"654",0.140646371396912
"655",0.13765343069865
"656",0.144240847669114
"657",0.146807995377055
"658",0.136600528574363
"659",0.141580570784872
"660",0.14460679540924
"661",0.136789343415512
"662",0.147975349140009
"663",0.144129735223042
"664",0.135514244886847
"665",0.147437788553039
"666",0.160356219890579
"667",0.148161878629536
"668",0.163562049932775
"669",0.153208962732631
"670",0.14849768640867
"671",0.139873062672651
"672",0.15603650325131
"673",0.138284829682712
"674",0.137444205567759
"675",0.13787931829854
"676",0.135379757088849
"677",0.139550433480207
"678",0.148034239621669
"679",0.141442384268878
"680",0.152720369008834
"681",0.156131914652825
"682",0.142119089865801
"683",0.151192271535296
"684",0.129890878103888
"685",0.137602189623474
"686",0.136670081225251
"687",0.147456068780899
"688",0.139452610218523
"689",0.143555633868148
"690",0.146029011080085
"691",0.132454264242116
"692",0.142012155257677
"693",0.145440871400614
"694",0.142849408981327
"695",0.138825891580999
"696",0.131436319366786
"697",0.156371228723008
"698",0.132304270259702
"699",0.148471489520903
"700",0.13756194517565
"701",0.14161566123252
"702",0.147275908622092
"703",0.140800442714032
"704",0.157609821812785
"705",0.143557550891
"706",0.15632479664925
"707",0.14765670730887
"708",0.146414074080937
"709",0.15216605448733
"710",0.138831221265563
"711",0.137963595556783
"712",0.150962103615143
"713",0.136144590474178
"714",0.140149612532926
"715",0.14132285115157
"716",0.153212662881573
"717",0.14312101459196
"718",0.125959934797386
"719",0.143618364202722
"720",0.158136488000042
"721",0.141422377831496
"722",0.148550268938871
"723",0.153324179382672
"724",0.140432276159083
"725",0.139800101927611
"726",0.162406783523163
"727",0.129804961129161
"728",0.150024607811739
"729",0.157068125973919
"730",0.144967002522676
"731",0.163586383223821
"732",0.137825381277369
"733",0.157599796484341
"734",0.13921753462535
"735",0.151837250943381
"736",0.141443998960369
"737",0.136224525993694
"738",0.150409670253041
"739",0.133408160076463
"740",0.136383652407323
"741",0.165417252633405
"742",0.148390612331885
"743",0.15354330844392
"744",0.140388077356427
"745",0.150356454305843
"746",0.125789813749495
"747",0.142102940903971
"748",0.141901534138778
"749",0.146195876301281
"750",0.145961423806196
"751",0.15349204171097
"752",0.146915481795482
"753",0.132180710073678
"754",0.147393621273951
"755",0.15236727963486
"756",0.152852113597726
"757",0.136828162342174
"758",0.141687338676855
"759",0.149755244484982
"760",0.154739367425351
"761",0.130491150024895
"762",0.151174820189744
"763",0.142407214831227
"764",0.146784360144802
"765",0.141095418698921
"766",0.140812311237552
"767",0.155770918774644
"768",0.140600904761467
"769",0.150220991823966
"770",0.157211333698128
"771",0.148877932100287
"772",0.129477979918682
"773",0.151379850424444
"774",0.13481785195073
"775",0.147871085961007
"776",0.158395533200048
"777",0.14727603142439
"778",0.140994683938852
"779",0.150437243560875
"780",0.141943147715329
"781",0.129937242124874
"782",0.163627687059238
"783",0.129772259881899
"784",0.138779772420882
"785",0.165228745923021
"786",0.147238069979086
"787",0.138152046708751
"788",0.132089811940894
"789",0.13751070221104
"790",0.15083161041059
"791",0.159991179790215
"792",0.149613918800047
"793",0.140541653996191
"794",0.147239369448841
"795",0.150394783925692
"796",0.15406089813604
"797",0.141830078519592
"798",0.153022429816993
"799",0.145063899024554
"800",0.152664297752244
"801",0.143097178022099
"802",0.140381175768236
"803",0.14805663550346
"804",0.150438780772478
"805",0.166499995894753
"806",0.138396106178215
"807",0.134924125333321
"808",0.161139687668008
"809",0.139757737150445
"810",0.142163997273354
"811",0.135572704696083
"812",0.152700333026621
"813",0.135300624969676
"814",0.137891627157681
"815",0.136274442598215
"816",0.141105360517965
"817",0.15002114017514
"818",0.141611164604386
"819",0.143715701591839
"820",0.144111242809284
"821",0.137344791885484
"822",0.12874042253678
"823",0.153385788978389
"824",0.16052384881131
"825",0.148541562860944
"826",0.148369343633013
"827",0.142792605229574
"828",0.127302872443124
"829",0.143403184411936
"830",0.1521284726755
"831",0.143927518287543
"832",0.153955349506004
"833",0.159429610388218
"834",0.154398979417677
"835",0.130191866339893
"836",0.137045427085845
"837",0.122923396870714
"838",0.124331026598901
"839",0.146713857956485
"840",0.146013245280924
"841",0.145664127996829
"842",0.143686593531132
"843",0.134832286997377
"844",0.130327303946131
"845",0.145813134933385
"846",0.13847245694393
"847",0.146415838614084
"848",0.133936441902356
"849",0.1424840165723
"850",0.154288151563563
"851",0.146983962340793
"852",0.13991664331075
"853",0.160573264762207
"854",0.133028561535865
"855",0.148780761537468
"856",0.140761929248697
"857",0.136843215714156
"858",0.145485511418332
"859",0.147397282993377
"860",0.146117966979929
"861",0.132309527589391
"862",0.13987352427065
"863",0.161944567906647
"864",0.123936980502323
"865",0.123722359285411
"866",0.149763662315401
"867",0.130109869464144
"868",0.139750511791074
"869",0.139711675951299
"870",0.154881439983634
"871",0.137038977037572
"872",0.150677072682573
"873",0.129132703609873
"874",0.125356745425336
"875",0.137254323370652
"876",0.140862519830122
"877",0.148583965926767
"878",0.137717485154818
"879",0.152602923559576
"880",0.144388673693191
"881",0.139642653333756
"882",0.16583074666367
"883",0.138422437668851
"884",0.147220633129093
"885",0.153154952339877
"886",0.140626673702277
"887",0.142910959409002
"888",0.146876582676279
"889",0.155980101588006
"890",0.142545465406382
"891",0.14469268955743
"892",0.139189010970635
"893",0.140420980502032
"894",0.143002591009283
"895",0.138246949692228
"896",0.136277030196156
"897",0.152653620597427
"898",0.126057318428425
"899",0.128927122166122
"900",0.144163397250358
"901",0.151063254209389
"902",0.142715824020373
"903",0.13281986015947
"904",0.144767589259843
"905",0.151062445620259
"906",0.146724493358502
"907",0.162717694963989
"908",0.142843272378004
"909",0.14753522901402
"910",0.140242488861953
"911",0.138763487388798
"912",0.140267777766141
"913",0.146128844402834
"914",0.137867538484195
"915",0.134771924545894
"916",0.142693281903494
"917",0.143857595970849
"918",0.161881880384981
"919",0.137889154208522
"920",0.131390679615364
"921",0.136462820466548
"922",0.154348293313894
"923",0.140335828248652
"924",0.148600208917415
"925",0.130748642243604
"926",0.150826684147266
"927",0.136404869827156
"928",0.155079570221459
"929",0.125319856445129
"930",0.1529069901738
"931",0.138343625591769
"932",0.137131440434185
"933",0.147357462433134
"934",0.16036851962087
"935",0.141665075069936
"936",0.122569329699577
"937",0.136549653062477
"938",0.142382346717081
"939",0.139687843558298
"940",0.152306251596817
"941",0.143036294994378
"942",0.15403353298312
"943",0.140680965985073
"944",0.151824066739453
"945",0.132191268550093
"946",0.136722065941569
"947",0.151505913871348
"948",0.127754791872633
"949",0.155009669157555
"950",0.138802908570925
"951",0.147508148246255
"952",0.160428913132148
"953",0.140381775741233
"954",0.146578649378687
"955",0.153868803918549
"956",0.153958914425127
"957",0.138078774231455
"958",0.13470711442066
"959",0.133738604594688
"960",0.142176244345005
"961",0.139711394489622
"962",0.148856748863132
"963",0.135512296529216
"964",0.157412751161395
"965",0.136880317817134
"966",0.145814069244339
"967",0.143051487178768
"968",0.133201426270102
"969",0.146392277128496
"970",0.135972446950746
"971",0.139095370719214
"972",0.153190609810968
"973",0.136489505916872
"974",0.15939391634588
"975",0.13245245679539
"976",0.139459947003834
"977",0.139866081858785
"978",0.147523239718657
"979",0.155601641212782
"980",0.149306505609297
"981",0.153505587908045
"982",0.146439362577963
"983",0.132650275833797
"984",0.150058254360959
"985",0.137354387541228
"986",0.130000159785747
"987",0.148108764863803
"988",0.150241999296057
"989",0.14561626294665
"990",0.129627152970759
"991",0.132056642958613
"992",0.144445635672142
"993",0.148350909260788
"994",0.134573276945816
"995",0.132478141937257
"996",0.136491658658415
"997",0.142699326236917
"998",0.151014528787643
"999",0.138734937220681
"1000",0.151481337441412
"1001",0.134877810084382
"1002",0.136906296026978
"1003",0.134619325885371
"1004",0.163338098860166
"1005",0.140571302637919
"1006",0.150615482290448
"1007",0.137799121853102
"1008",0.14927438461473
"1009",0.158478773469959
"1010",0.15544965601702
"1011",0.131284836880013
"1012",0.118259770986352
"1013",0.142983434285467
"1014",0.135813854738899
"1015",0.160969607788048
"1016",0.12352289263274
"1017",0.148836796419286
"1018",0.145643711497655
"1019",0.142602179111373
"1020",0.132583701409147
"1021",0.138538197381263
"1022",0.139479064938054
"1023",0.145268915711583
"1024",0.144213133758763
"1025",0.171584947806402
"1026",0.122813427559165
"1027",0.139299476568719
"1028",0.136123739385988
"1029",0.139114565371504
"1030",0.151492088537646
"1031",0.135094926037657
"1032",0.135497906335299
"1033",0.139785747381772
"1034",0.143602015523696
"1035",0.159325060993311
"1036",0.136205540482011
"1037",0.15763240631822
"1038",0.135548208838553
"1039",0.146730999245339
"1040",0.159201728370291
"1041",0.126871817431574
"1042",0.142386477665007
"1043",0.150931418154605
"1044",0.150143666251628
"1045",0.127655025516754
"1046",0.142228717785154
"1047",0.139760263347325
"1048",0.136672686440037
"1049",0.139841775474852
"1050",0.126069497009938
"1051",0.145521967696324
"1052",0.124484528955305
"1053",0.14133574556556
"1054",0.150846971674968
"1055",0.147487591755208
"1056",0.137845929952841
"1057",0.156420715093571
"1058",0.171337937794418
"1059",0.128557955441576
"1060",0.139301237478175
"1061",0.147851251590388
"1062",0.131650166839653
"1063",0.140945956352433
"1064",0.137390040267172
"1065",0.118848420167656
"1066",0.135484385299343
"1067",0.15936254918041
"1068",0.13748728453637
"1069",0.127730319096892
"1070",0.148240827014607
"1071",0.142444452224428
"1072",0.142692122533683
"1073",0.151565357955535
"1074",0.141571122304222
"1075",0.149026115229411
"1076",0.164933668065616
"1077",0.122543545055684
"1078",0.123194404041091
"1079",0.15461046705015
"1080",0.146922719080709
"1081",0.137999611798602
"1082",0.139736930877268
"1083",0.145484001148172
"1084",0.148604064659608
"1085",0.140117659770149
"1086",0.125780187309483
"1087",0.135730746381455
"1088",0.148107739101244
"1089",0.132035872767921
"1090",0.151921664969238
"1091",0.159819973711887
"1092",0.135544226945984
"1093",0.138706530595603
"1094",0.125732255330873
"1095",0.128146706799184
"1096",0.129485848129
"1097",0.147648204850221
"1098",0.145957173086717
"1099",0.147031635479433
"1100",0.136835572069748
"1101",0.14007199741303
"1102",0.156686408921283
"1103",0.158559371827542
"1104",0.123840297149765
"1105",0.147583277380243
"1106",0.156096050470751
"1107",0.147802402784252
"1108",0.143309461329128
"1109",0.143352401950842
"1110",0.127404452312022
"1111",0.127288118888105
"1112",0.138808867334872
"1113",0.140533565859111
"1114",0.148281397508459
"1115",0.152569779181401
"1116",0.15298812643285
"1117",0.146404799553723
"1118",0.135234456637573
"1119",0.13446359946175
"1120",0.142584393210586
"1121",0.13573890752945
"1122",0.158563545172326
"1123",0.145662441518805
"1124",0.126188525954383
"1125",0.131533963732216
"1126",0.136951847479205
"1127",0.130362493748069
"1128",0.135578691783189
"1129",0.142598873389034
"1130",0.147142292945376
"1131",0.139031887089282
"1132",0.137930037613511
"1133",0.149404936129159
"1134",0.148501977710576
"1135",0.154108905451021
"1136",0.149195448678981
"1137",0.150635991900829
"1138",0.1347520085199
"1139",0.132955423371471
"1140",0.144852023092368
"1141",0.142325127624819
"1142",0.133576467160865
"1143",0.144683622730017
"1144",0.143121665629977
"1145",0.147242833923694
"1146",0.137330062930378
"1147",0.14654084993123
"1148",0.124179359521306
"1149",0.151620288841436
"1150",0.151723615394349
"1151",0.142159861983905
"1152",0.15649805695373
"1153",0.142728911156503
"1154",0.135011615520158
"1155",0.145659460534574
"1156",0.130922820656314
"1157",0.127977274802506
"1158",0.146656474728815
"1159",0.143546040747866
"1160",0.140328235234313
"1161",0.141530635457815
"1162",0.129726540715998
"1163",0.149899591804308
"1164",0.124567792853335
"1165",0.129050573722229
"1166",0.144974263086069
"1167",0.134393247957374
"1168",0.137562289106829
"1169",0.150927475667438
"1170",0.130098323960682
"1171",0.131144740065939
"1172",0.151166673763968
"1173",0.140524587269514
"1174",0.148433374436518
"1175",0.148607669231581
"1176",0.142854599878243
"1177",0.152452713703013
"1178",0.149252188818979
"1179",0.125227033715106
"1180",0.133437624865638
"1181",0.144729541663338
"1182",0.131324828474726
"1183",0.150918164639815
"1184",0.14036812215174
"1185",0.151835471463794
"1186",0.159443316543199
"1187",0.153641150837679
"1188",0.146714429974818
"1189",0.116293850360547
"1190",0.122963836396392
"1191",0.138729151874596
"1192",0.151760545268258
"1193",0.14764844071375
"1194",0.125143916896748
"1195",0.144186218703438
"1196",0.148911161739793
"1197",0.157074582098977
"1198",0.150861476864687
"1199",0.146799826367554
"1200",0.124809326929767
"1201",0.137973376909751
"1202",0.126282467879713
"1203",0.139306029368195
"1204",0.142927548856542
"1205",0.136920706299224
"1206",0.135270849766343
"1207",0.140133444971312
"1208",0.146023431984074
"1209",0.141166448687281
"1210",0.130054749451701
"1211",0.145293813422627
"1212",0.128929247062133
"1213",0.132491896775217
"1214",0.155293546415699
"1215",0.167075312632919
"1216",0.131334134161828
"1217",0.159025459831746
"1218",0.144138681594843
"1219",0.144499072914452
"1220",0.149410752559762
"1221",0.148570403725203
"1222",0.137877773819777
"1223",0.137002962217514
"1224",0.149158972262375
"1225",0.121864253271274
"1226",0.141213638729266
"1227",0.155843646858651
"1228",0.139312270288454
"1229",0.142228570856209
"1230",0.136876869838011
"1231",0.139227175428916
"1232",0.156305211927725
"1233",0.147522203242927
"1234",0.139945513666019
"1235",0.158805901544524
"1236",0.131918932930984
"1237",0.139869267737326
"1238",0.122788611441274
"1239",0.134685418770125
"1240",0.137882054471753
"1241",0.145266019013598
"1242",0.157425430094622
"1243",0.138109534611691
"1244",0.145225499457472
"1245",0.137991684403027
"1246",0.14605429008391
"1247",0.149994338302224
"1248",0.151205782943149
"1249",0.148389415274277
"1250",0.169230109925004
"1251",0.13362855190892
"1252",0.159330155836922
"1253",0.152897006925856
"1254",0.146091033226609
"1255",0.161737327016833
"1256",0.13688477154453
"1257",0.143067559087706
"1258",0.141447906928327
"1259",0.1329622798843
"1260",0.133132333764512
"1261",0.138645167588282
"1262",0.142535601339542
"1263",0.14119371090372
"1264",0.128747733221439
"1265",0.137929477626661
"1266",0.143183699335877
"1267",0.141990809230822
"1268",0.155919666827503
"1269",0.138400257904455
"1270",0.14795182312286
"1271",0.151765094526477
"1272",0.133114082421291
"1273",0.132734239930364
"1274",0.13988341326836
"1275",0.132677088859509
"1276",0.147018499626395
"1277",0.131470496309566
"1278",0.141803577248355
"1279",0.136377824155858
"1280",0.161408641393204
"1281",0.141569379104659
"1282",0.133201502225076
"1283",0.137110115046434
"1284",0.131839941075585
"1285",0.12840761915644
"1286",0.144848553322131
"1287",0.155401450577219
"1288",0.140060434217101
"1289",0.142864028328978
"1290",0.139266667322032
"1291",0.140453122911804
"1292",0.146589875394909
"1293",0.149877589798873
"1294",0.146548561084833
"1295",0.161469400670249
"1296",0.155977486182233
"1297",0.144089492794421
"1298",0.140959809262993
"1299",0.151844261086005
"1300",0.136400576521036
"1301",0.15357107057663
"1302",0.146831976483211
"1303",0.139307154560509
"1304",0.141238264804181
"1305",0.142390315862696
"1306",0.114231555135919
"1307",0.108943376612148
"1308",0.137021758919617
"1309",0.144257543628484
"1310",0.131985586427967
"1311",0.145060015989547
"1312",0.139332862046665
"1313",0.1516218994023
"1314",0.129433504795071
"1315",0.147696649805644
"1316",0.144370218255474
"1317",0.157991650595302
"1318",0.1511470148327
"1319",0.148656129898784
"1320",0.147919608901136
"1321",0.142538634438146
"1322",0.131002470927578
"1323",0.14784990950326
"1324",0.15150686666348
"1325",0.156811908881789
"1326",0.156646004667662
"1327",0.134307673269139
"1328",0.161074430360159
"1329",0.152421799950269
"1330",0.147167754434651
"1331",0.147903640088959
"1332",0.151050241147196
"1333",0.134085100362945
"1334",0.123477194895176
"1335",0.131945157815292
"1336",0.139318863856662
"1337",0.136005774564114
"1338",0.144869381634442
"1339",0.150485784251166
"1340",0.149391420395411
"1341",0.158688562054408
"1342",0.13796319175538
"1343",0.142001548287405
"1344",0.155148265814729
"1345",0.154743359278049
"1346",0.153075678533944
"1347",0.149329253464961
"1348",0.146299735159106
"1349",0.128853022929264
"1350",0.154808785873873
"1351",0.149969526031024
"1352",0.153148946928796
"1353",0.140852523888531
"1354",0.150719200840197
"1355",0.139761097975781
"1356",0.132708204156416
"1357",0.148029734999264
"1358",0.137387953377581
"1359",0.153736564912948
"1360",0.153632588533006
"1361",0.133406142901334
"1362",0.12351654437681
"1363",0.136129686772794
"1364",0.14218608291143
"1365",0.144214857338504
"1366",0.143706434526508
"1367",0.136708306797278
"1368",0.133975102168555
"1369",0.155087001464119
"1370",0.139313494305235
"1371",0.124333431288895
"1372",0.141523162864923
"1373",0.146679995707462
"1374",0.137866353177936
"1375",0.129942530951262
"1376",0.134005603777141
"1377",0.164716669119566
"1378",0.139608468462401
"1379",0.149741483796365
"1380",0.135578199876702
"1381",0.153806266823602
"1382",0.125471171778486
"1383",0.136924867256217
"1384",0.14223934191782
"1385",0.144513833811629
"1386",0.152298950171749
"1387",0.159492789856373
"1388",0.151273124504616
"1389",0.143702576601312
"1390",0.135536049961149
"1391",0.135134787679075
"1392",0.130804793690981
"1393",0.142921746921591
"1394",0.144888665636032
"1395",0.150402438169842
"1396",0.151995901937792
"1397",0.135354054668533
"1398",0.154742279254627
"1399",0.141287845951595
"1400",0.150837317631601
"1401",0.148691600290045
"1402",0.143712177307791
"1403",0.132146192027712
"1404",0.138522858583434
"1405",0.146103548057189
"1406",0.169226351541503
"1407",0.136998491301719
"1408",0.155074024366129
"1409",0.140134621371068
"1410",0.158986284320477
"1411",0.146086852051979
"1412",0.154992433876562
"1413",0.135690391339443
"1414",0.156062901257149
"1415",0.159264488697185
"1416",0.156246025665711
"1417",0.146410699079756
"1418",0.137212229787562
"1419",0.135221698085231
"1420",0.140486008260744
"1421",0.141888758718704
"1422",0.143358881219422
"1423",0.147430273474984
"1424",0.146425194659956
"1425",0.144068461011419
"1426",0.133549962237565
"1427",0.133503307958523
"1428",0.132944085093797
"1429",0.137654813549442
"1430",0.128878814081981
"1431",0.138882183818571
"1432",0.143563722357097
"1433",0.135234022053247
"1434",0.154479789094404
"1435",0.163496685318076
"1436",0.13879555785051
"1437",0.136583936629712
"1438",0.128129271510259
"1439",0.146401884442861
"1440",0.133027647559183
"1441",0.137588767792206
"1442",0.157023106374799
"1443",0.135296893726568
"1444",0.135573475720272
"1445",0.160437845558579
"1446",0.142923783241035
"1447",0.136344415424984
"1448",0.119307282439826
"1449",0.146430263123344
"1450",0.14458075295699
"1451",0.1649594403185
"1452",0.151495545059742
"1453",0.151002597701759
"1454",0.13694861392542
"1455",0.133076765788287
"1456",0.146237723621261
"1457",0.158020162978585
"1458",0.139048588743136
"1459",0.129639352262011
"1460",0.128747794496723
"1461",0.127497053643916
"1462",0.150942699431846
"1463",0.145989185552833
"1464",0.132571912449289
"1465",0.147112624388361
"1466",0.159019423659701
"1467",0.147639707900096
"1468",0.151447635219068
"1469",0.140780365167646
"1470",0.154266518633848
"1471",0.129299732156705
"1472",0.131131609038682
"1473",0.133825895643372
"1474",0.1452333443058
"1475",0.140568873128983
"1476",0.149583417356508
"1477",0.141292092930528
"1478",0.147394918940293
"1479",0.136640634421537
"1480",0.128806110905218
"1481",0.147711605378662
"1482",0.144066335199028
"1483",0.150006589862443
"1484",0.151576382926222
"1485",0.13925680468423
"1486",0.142803141096698
"1487",0.138578812044889
"1488",0.143807730903893
"1489",0.141787662020939
"1490",0.148366654790662
"1491",0.132778986662325
"1492",0.141242672767916
"1493",0.156858310444857
"1494",0.13240632789356
"1495",0.149302518306456
"1496",0.119370584520402
"1497",0.14430394380174
"1498",0.12895332502809
"1499",0.138935195028088
"1500",0.135533414285143
"1501",0.134099996106243
"1502",0.146344737938699
"1503",0.156523421517494
"1504",0.156363229889889
"1505",0.152781193278454
"1506",0.145349993952123
"1507",0.134881444729459
"1508",0.141666299313404
"1509",0.140406028679086
"1510",0.146005038106385
"1511",0.130697788438091
"1512",0.144171836823739
"1513",0.153811814278149
"1514",0.142185434713377
"1515",0.14342105921196
"1516",0.14678340495762
"1517",0.130764243440274
"1518",0.15734674217968
"1519",0.159012233463271
"1520",0.129323806980589
"1521",0.136476817254797
"1522",0.143017030892691
"1523",0.154836939474936
"1524",0.131992130459404
"1525",0.142227575085129
"1526",0.145138536151904
"1527",0.151667460650644
"1528",0.153858244798059
"1529",0.13678705977005
"1530",0.143454792841126
"1531",0.132974834754899
"1532",0.123837945714997
"1533",0.136677961149388
"1534",0.151300251476369
"1535",0.138750088224739
"1536",0.134681922686103
"1537",0.14756850419661
"1538",0.130075820744358
"1539",0.132113089066239
"1540",0.127359008365894
"1541",0.146758784570331
"1542",0.148232461238432
"1543",0.131031127361594
"1544",0.142125504724747
"1545",0.161400283685836
"1546",0.140603274198399
"1547",0.135918184108838
"1548",0.127137955617173
"1549",0.132403579065254
"1550",0.15530129873801
"1551",0.142930603460322
"1552",0.140615791790854
"1553",0.152959369192771
"1554",0.140987976138594
"1555",0.15297367378866
"1556",0.136026883028401
"1557",0.144078197936923
"1558",0.152315436231778
"1559",0.13792882895107
"1560",0.155189118654771
"1561",0.147499997663883
"1562",0.135935178809095
"1563",0.147169473605912
"1564",0.148751849101806
"1565",0.142914802431898
"1566",0.118082510053714
"1567",0.142424521158864
"1568",0.150560673588829
"1569",0.13931117551284
"1570",0.165596901139107
"1571",0.150809789647792
"1572",0.145065240968445
"1573",0.136332080120305
"1574",0.127742668149471
"1575",0.138832425845217
"1576",0.148405681789599
"1577",0.13695703837273
"1578",0.137634300884333
"1579",0.14492713131873
"1580",0.116318200868509
"1581",0.1381931650021
"1582",0.127450342572461
"1583",0.158872189463592
"1584",0.14490140727678
"1585",0.144561827376244
"1586",0.136680372820175
"1587",0.144438551338511
"1588",0.139235654896211
"1589",0.140792833987381
"1590",0.136404808596816
"1591",0.142421457567141
"1592",0.154486655648023
"1593",0.147479042390067
"1594",0.152314019665679
"1595",0.129307037015145
"1596",0.130881879187201
"1597",0.143135827914886
"1598",0.13687330432786
"1599",0.144330928534979
"1600",0.148598463966976
"1601",0.152475822105365
"1602",0.149239664243232
"1603",0.145540710358222
"1604",0.147556253150409
"1605",0.157607898932899
"1606",0.139129847165925
"1607",0.151586016428104
"1608",0.142296229924493
"1609",0.134600968833413
"1610",0.13343113527674
"1611",0.13410720496968
"1612",0.135624384743222
"1613",0.150053282252039
"1614",0.134119692443831
"1615",0.135830644258059
"1616",0.134847780476697
"1617",0.137383584953305
"1618",0.140314104157912
"1619",0.141713558648812
"1620",0.144237275129008
"1621",0.143132798853534
"1622",0.13978363747847
"1623",0.144541625142686
"1624",0.118969565679752
"1625",0.157685630265624
"1626",0.130871440969737
"1627",0.144587375190351
"1628",0.145055851664582
"1629",0.150878238085629
"1630",0.156350605020983
"1631",0.143759329959724
"1632",0.147206431061898
"1633",0.140252274128382
"1634",0.137212271499986
"1635",0.143280858995575
"1636",0.146586395906549
"1637",0.152949458519989
"1638",0.141105792961853
"1639",0.123307193905508
"1640",0.146956146958637
"1641",0.158699006409217
"1642",0.141954733585538
"1643",0.135694841990432
"1644",0.14279194548621
"1645",0.160280573109153
"1646",0.145785914715626
"1647",0.14332448865927
"1648",0.123996465583329
"1649",0.132041002281514
"1650",0.132608133895346
"1651",0.14009006102308
"1652",0.160929922197874
"1653",0.122266965526291
"1654",0.153092395801454
"1655",0.148076065602176
"1656",0.137400434143853
"1657",0.151165034971192
"1658",0.148721391830378
"1659",0.128235807914783
"1660",0.153372084009924
"1661",0.130237136057304
"1662",0.151417160398624
"1663",0.130063210498756
"1664",0.146542657475239
"1665",0.140589245582271
"1666",0.144615346605475
"1667",0.147286457439676
"1668",0.146188193485125
"1669",0.139569875993671
"1670",0.131764409133688
"1671",0.14912519041398
"1672",0.125323141783188
"1673",0.134787468978089
"1674",0.146004155852503
"1675",0.138841490618583
"1676",0.161815672861344
"1677",0.142783050653174
"1678",0.141447472564247
"1679",0.139522914208925
"1680",0.150132260705633
"1681",0.139426735077627
"1682",0.149133043069908
"1683",0.151522187911661
"1684",0.144191656748586
"1685",0.158361289203612
"1686",0.143560892752933
"1687",0.151838923098153
"1688",0.157368550148683
"1689",0.153046002249191
"1690",0.16419024866064
"1691",0.143559828324793
"1692",0.14303721298462
"1693",0.1461661406373
"1694",0.1346326411652
"1695",0.151598674040311
"1696",0.152595288635403
"1697",0.141468148612362
"1698",0.141174942361048
"1699",0.148121563224248
"1700",0.14229011402832
"1701",0.126589595790643
"1702",0.157692936877682
"1703",0.137379082498074
"1704",0.142183686188109
"1705",0.149700467239276
"1706",0.159715615549505
"1707",0.146926659756525
"1708",0.141422053129966
"1709",0.134543859259146
"1710",0.142159690220092
"1711",0.154004470282455
"1712",0.159824523519982
"1713",0.147444619435212
"1714",0.154406215925048
"1715",0.156732142925455
"1716",0.150153326659771
"1717",0.141206752327186
"1718",0.150601255857782
"1719",0.133948729886379
"1720",0.142231133677905
"1721",0.144997080577112
"1722",0.143025281315604
"1723",0.14262187790989
"1724",0.168397346294083
"1725",0.145696670680154
"1726",0.130031955819227
"1727",0.128573282060453
"1728",0.143828838601421
"1729",0.158835462446137
"1730",0.141150418020445
"1731",0.137226719772935
"1732",0.139037483429199
"1733",0.132781781840684
"1734",0.147069510549693
"1735",0.143028585093514
"1736",0.144107303121846
"1737",0.155386505336666
"1738",0.132699018428679
"1739",0.150203087364943
"1740",0.140228301268458
"1741",0.143489255876525
"1742",0.145626318538921
"1743",0.143575865771392
"1744",0.139921508915523
"1745",0.115337579333161
"1746",0.139616373554406
"1747",0.139298042363895
"1748",0.14191707606634
"1749",0.138502500032251
"1750",0.157397791737426
"1751",0.152925030569213
"1752",0.139100302937919
"1753",0.145263933852015
"1754",0.135429683047295
"1755",0.161036363194155
"1756",0.147863597141873
"1757",0.142706467929606
"1758",0.127142747060956
"1759",0.156587669206899
"1760",0.158720974026704
"1761",0.142085159891134
"1762",0.144569417942336
"1763",0.151181140553421
"1764",0.134675897746377
"1765",0.130987810473402
"1766",0.137183882597301
"1767",0.128310651134802
"1768",0.153883403267629
"1769",0.150152910887021
"1770",0.158856990176999
"1771",0.155907356818247
"1772",0.155995994484146
"1773",0.143547062222409
"1774",0.142230550936016
"1775",0.137849196043675
"1776",0.150784119924656
"1777",0.146939878418904
"1778",0.142485017607495
"1779",0.161613021460156
"1780",0.143121224942552
"1781",0.144791316599475
"1782",0.138925966781603
"1783",0.153664019094457
"1784",0.134749204138999
"1785",0.156208182232402
"1786",0.158712715950409
"1787",0.147772874977057
"1788",0.141781006946216
"1789",0.142802175150435
"1790",0.131149279528417
"1791",0.135841662039684
"1792",0.151967206686754
"1793",0.14298301597335
"1794",0.142411159188211
"1795",0.126452210155364
"1796",0.13109834102767
"1797",0.146085298143795
"1798",0.150308694561299
"1799",0.118718635832624
"1800",0.147454665949241
"1801",0.135576157260604
"1802",0.139057496737118
"1803",0.14977356581839
"1804",0.141255694694487
"1805",0.132869524065509
"1806",0.137177931758922
"1807",0.145389309566363
"1808",0.137388348774098
"1809",0.133074589098083
"1810",0.148021300019701
"1811",0.140202439637513
"1812",0.163303617613467
"1813",0.145804681553672
"1814",0.141486491296474
"1815",0.151567813497596
"1816",0.1477105614484
"1817",0.145628224786931
"1818",0.132940712432576
"1819",0.148726419948834
"1820",0.155661448502342
"1821",0.162806065457238
"1822",0.141146784250394
"1823",0.154618996276107
"1824",0.145838365356651
"1825",0.140091691806596
"1826",0.119079196826167
"1827",0.148231130829164
"1828",0.137029167644479
"1829",0.157225888113834
"1830",0.139076161333186
"1831",0.14000919351144
"1832",0.149601351914291
"1833",0.131157118022419
"1834",0.132003532016522
"1835",0.143719877670416
"1836",0.124994249178429
"1837",0.154983183420942
"1838",0.154935887610781
"1839",0.14276950214621
"1840",0.145715124690651
"1841",0.162312867817473
"1842",0.142936405486874
"1843",0.146377172339214
"1844",0.15508022644673
"1845",0.140272298280916
"1846",0.137336640658325
"1847",0.144972240701129
"1848",0.142451471593466
"1849",0.15011228121251
"1850",0.140718928421356
"1851",0.134223218915446
"1852",0.151201021394805
"1853",0.137057949615264
"1854",0.145682550638133
"1855",0.139800100784498
"1856",0.146677632015458
"1857",0.145173343177251
"1858",0.162575260194986
"1859",0.128900751644925
"1860",0.155983949492394
"1861",0.14635535879387
"1862",0.160618481644489
"1863",0.142077565323751
"1864",0.134405939542277
"1865",0.155890172015051
"1866",0.136918876514014
"1867",0.147752955226219
"1868",0.144877598279867
"1869",0.145207765507681
"1870",0.15593311848852
"1871",0.148139131692771
"1872",0.138669363860038
"1873",0.129174467048803
"1874",0.139186359953473
"1875",0.136083708904146
"1876",0.152370553030152
"1877",0.153427927642947
"1878",0.139787741248719
"1879",0.136616875614064
"1880",0.146622080675025
"1881",0.13609354915485
"1882",0.140075587708207
"1883",0.133746986615406
"1884",0.153411084657867
"1885",0.147486956242915
"1886",0.14949212182979
"1887",0.128175026750766
"1888",0.124370309665798
"1889",0.152151316881307
"1890",0.133280490233244
"1891",0.142023890199999
"1892",0.138884452096986
"1893",0.158460380291337
"1894",0.126609271894646
"1895",0.13090721613569
"1896",0.151755440133936
"1897",0.147630772300984
"1898",0.147588165813143
"1899",0.14919048180444
"1900",0.152363974495269
"1901",0.13536616265766
"1902",0.136874630572512
"1903",0.137862884396565
"1904",0.132757310943334
"1905",0.132499000247175
"1906",0.14102618871329
"1907",0.143682672271466
"1908",0.144857025430531
"1909",0.137470023435936
"1910",0.148688839317904
"1911",0.137208663170721
"1912",0.14462416852831
"1913",0.134337002334726
"1914",0.136050351076227
"1915",0.14430734567672
"1916",0.138186219852173
"1917",0.162470660372517
"1918",0.144041262129679
"1919",0.140968360491128
"1920",0.155399974481295
"1921",0.157375332519761
"1922",0.162817956619955
"1923",0.163460661965439
"1924",0.145798934058052
"1925",0.135624873885545
"1926",0.145363072967249
"1927",0.140186715303867
"1928",0.165570301844898
"1929",0.141016571452714
"1930",0.144367484090519
"1931",0.147544094775052
"1932",0.128227126401
"1933",0.143601130768572
"1934",0.122073199205667
"1935",0.145131875210104
"1936",0.129904041287654
"1937",0.168028279779961
"1938",0.159234906163347
"1939",0.143915102185428
"1940",0.154306439186265
"1941",0.156147003423927
"1942",0.145417572301154
"1943",0.129379901053301
"1944",0.147854580528972
"1945",0.126937416936794
"1946",0.140773505795243
"1947",0.167542107332552
"1948",0.13912724538245
"1949",0.13083551747762
"1950",0.151130420546726
"1951",0.129709796025665
"1952",0.147458406692094
"1953",0.157673118735718
"1954",0.149367486904672
"1955",0.142958070454802
"1956",0.130793132275485
"1957",0.163009991219305
"1958",0.124684711489644
"1959",0.133398721514718
"1960",0.127082293680993
"1961",0.141324262300609
"1962",0.139110548986032
"1963",0.132218782003916
"1964",0.142340924134766
"1965",0.145228314192399
"1966",0.149164281693633
"1967",0.129674537232149
"1968",0.142106898690868
"1969",0.157451370610687
"1970",0.137575012772641
"1971",0.145961307469597
"1972",0.129446426561215
"1973",0.147523411811485
"1974",0.157647499883941
"1975",0.129205562866744
"1976",0.133768494647468
"1977",0.143259805909785
"1978",0.144738216068203
"1979",0.149962915806862
"1980",0.14223353930843
"1981",0.14412650662429
"1982",0.134809058104315
"1983",0.146062920012143
"1984",0.145630783849908
"1985",0.132059741227947
"1986",0.150686155953631
"1987",0.12673252215279
"1988",0.148344404067373
"1989",0.158509124590618
"1990",0.137715404457786
"1991",0.129445451398775
"1992",0.138259944601086
"1993",0.146029682681186
"1994",0.127850065191231
"1995",0.151931238136681
"1996",0.134725322606969
"1997",0.157044644384368
"1998",0.145002723832562
"1999",0.141857355701436
"2000",0.146702665089773
"2001",0.128071168146012
"2002",0.160903937672468
"2003",0.154649239457009
"2004",0.153888224089059
"2005",0.138626247657036
"2006",0.131683462957436
"2007",0.127341464797029
"2008",0.127301975835768
"2009",0.14287993510159
"2010",0.152790816757307
"2011",0.132060569081678
"2012",0.157639818829391
"2013",0.143473661736232
"2014",0.127491696313553
"2015",0.128623666652765
"2016",0.139200414451606
"2017",0.144155938619226
"2018",0.154589933344129
"2019",0.132595497288632
"2020",0.1404602159096
"2021",0.151283635866585
"2022",0.135942170838706
"2023",0.150917657706169
"2024",0.147055959093411
"2025",0.153501538760033
"2026",0.131558295377177
"2027",0.135041745505181
"2028",0.152174409531958
"2029",0.154097792615264
"2030",0.16317603363348
"2031",0.162458410093551
"2032",0.133764213279664
"2033",0.156657088493527
"2034",0.144652288030201
"2035",0.13364505566164
"2036",0.143508289861632
"2037",0.138280074002109
"2038",0.143883576808031
"2039",0.148949715580636
"2040",0.134852686449818
"2041",0.149511715569346
"2042",0.15202395929846
"2043",0.149144237716673
"2044",0.135046319691955
"2045",0.166596854519023
"2046",0.140961814981021
"2047",0.156598072087657
"2048",0.144162169884415
"2049",0.136755511202775
"2050",0.125553704501335
"2051",0.155339505968612
"2052",0.159273771161723
"2053",0.138643112805603
"2054",0.140191995197587
"2055",0.154897876592435
"2056",0.145525845959742
"2057",0.141399018648287
"2058",0.149788738665477
"2059",0.138288297527158
"2060",0.155525561298207
"2061",0.121478983068844
"2062",0.146721440873827
"2063",0.148372753919849
"2064",0.139834186011736
"2065",0.132215145927239
"2066",0.141471079616801
"2067",0.147048645927705
"2068",0.14985180900722
"2069",0.149076431980925
"2070",0.131622642264483
"2071",0.115186846181931
"2072",0.152800848193255
"2073",0.143210416727119
"2074",0.128730176911706
"2075",0.138413603021567
"2076",0.149279774980125
"2077",0.141606618166783
"2078",0.156795835028307
"2079",0.132970691605689
"2080",0.13650462049393
"2081",0.146818931441447
"2082",0.155466817550339
"2083",0.134133518708762
"2084",0.144737385569923
"2085",0.153957102853257
"2086",0.158010287252813
"2087",0.15615495240187
"2088",0.155422999612978
"2089",0.14200381803406
"2090",0.156289016449932
"2091",0.157830486218616
"2092",0.141316036636018
"2093",0.133941456997669
"2094",0.1308625273484
"2095",0.148981665513213
"2096",0.14446629924166
"2097",0.151529418391683
"2098",0.155965529951807
"2099",0.15046830651723
"2100",0.144916197503572
"2101",0.143221177687513
"2102",0.14520354793301
"2103",0.151040199463993
"2104",0.148575920580711
"2105",0.133225664612001
"2106",0.137629275719977
"2107",0.138967185986774
"2108",0.162443444126974
"2109",0.151944297377534
"2110",0.138764067642885
"2111",0.145803876995752
"2112",0.133804667136536
"2113",0.136318730220735
"2114",0.1497845344273
"2115",0.123783978420144
"2116",0.144198671833385
"2117",0.141831962620464
"2118",0.145453162183211
"2119",0.141385079755917
"2120",0.141931116331997
"2121",0.150028413162931
"2122",0.132220431893818
"2123",0.139427285119851
"2124",0.158936619127092
"2125",0.132034738766782
"2126",0.13371482721373
"2127",0.141496071800017
"2128",0.133882355673272
"2129",0.142709082807265
"2130",0.132091992666413
"2131",0.146932132932137
"2132",0.126386237430536
"2133",0.151373187934465
"2134",0.142715187447007
"2135",0.150943307566537
"2136",0.152493635398398
"2137",0.153467057583953
"2138",0.146516150943245
"2139",0.135448835334897
"2140",0.131624187594336
"2141",0.141273540537504
"2142",0.151537045114029
"2143",0.132127316731533
"2144",0.143384700344534
"2145",0.148798933742244
"2146",0.157962164172166
"2147",0.138202907776277
"2148",0.142895347735244
"2149",0.134848242710698
"2150",0.150182706169591
"2151",0.142581865168959
"2152",0.127772654671689
"2153",0.151431788287223
"2154",0.151207527122244
"2155",0.160382503161495
"2156",0.15333364997724
"2157",0.159155566628742
"2158",0.159158041322579
"2159",0.130994492976815
"2160",0.137414200222842
"2161",0.148834851365371
"2162",0.141753683301624
"2163",0.13640910201747
"2164",0.143978891551436
"2165",0.155842063783775
"2166",0.144537782842594
"2167",0.15957068745694
"2168",0.139666393651878
"2169",0.141414379805018
"2170",0.140822984775399
"2171",0.12821167985808
"2172",0.153675253514865
"2173",0.145243284917018
"2174",0.145394501744084
"2175",0.156747946709775
"2176",0.131463180746553
"2177",0.143873385198602
"2178",0.138555632555689
"2179",0.174472140515058
"2180",0.132711427833827
"2181",0.146435135233446
"2182",0.129757421895911
"2183",0.132623599055579
"2184",0.167126219862374
"2185",0.14587516188347
"2186",0.142373848927304
"2187",0.141817354092248
"2188",0.121316686462722
"2189",0.126478079701976
"2190",0.139931147865469
"2191",0.152881831953663
"2192",0.133187681653656
"2193",0.139708901940996
"2194",0.138358673134746
"2195",0.149493507296704
"2196",0.158864755895428
"2197",0.133640512102231
"2198",0.15544887581689
"2199",0.145035526103111
"2200",0.160389090935336
"2201",0.141212138571166
"2202",0.132841712350086
"2203",0.147536525519455
"2204",0.167809401821947
"2205",0.14340770415975
"2206",0.158344537620295
"2207",0.133637874913562
"2208",0.139255490107081
"2209",0.148863372277693
"2210",0.146969772615122
"2211",0.135210350077753
"2212",0.150055633072376
"2213",0.133454880385911
"2214",0.149234965889405
"2215",0.133806753475616
"2216",0.149868522125284
"2217",0.137892195897909
"2218",0.136690572778158
"2219",0.141875335022078
"2220",0.141657105843906
"2221",0.135668104033383
"2222",0.147475519215252
"2223",0.15617401365804
"2224",0.152104281692968
"2225",0.151519812491996
"2226",0.152819506132443
"2227",0.140408293082733
"2228",0.160233630079162
"2229",0.135086643735076
"2230",0.143890682898283
"2231",0.148477381475773
"2232",0.14009079975667
"2233",0.135177409508765
"2234",0.140314995565035
"2235",0.134122187161139
"2236",0.131930170582303
"2237",0.155394821033388
"2238",0.145713169984575
"2239",0.144184435377175
"2240",0.142669707803545
"2241",0.126764053986916
"2242",0.130439034035188
"2243",0.133326024507573
"2244",0.143267890741083
"2245",0.144211072029606
"2246",0.132744190647061
"2247",0.134281022628358
"2248",0.129920106687224
"2249",0.141027634803063
"2250",0.12830949363888
"2251",0.136979272205382
"2252",0.148589016565568
"2253",0.138787284577923
"2254",0.157861508901607
"2255",0.132659877390693
"2256",0.136328403527166
"2257",0.148839665620095
"2258",0.150605663160042
"2259",0.142308586620581
"2260",0.132384586595977
"2261",0.160430832175942
"2262",0.146391111305514
"2263",0.135485110998753
"2264",0.157857415940092
"2265",0.132902128932944
"2266",0.142612360478768
"2267",0.149104753241472
"2268",0.131667783481335
"2269",0.150641222378567
"2270",0.149495426102025
"2271",0.139395133449612
"2272",0.134733029512353
"2273",0.117209422106487
"2274",0.130495663945697
"2275",0.132596293842498
"2276",0.132550550936696
"2277",0.137461604041335
"2278",0.149241012571693
"2279",0.140647230659007
"2280",0.147438793652463
"2281",0.126092854128351
"2282",0.139245424353038
"2283",0.158621309757579
"2284",0.143278589668058
"2285",0.155153689940055
"2286",0.140058751520325
"2287",0.126503053909159
"2288",0.156636077238523
"2289",0.136981864221217
"2290",0.149359751133266
"2291",0.136528917012324
"2292",0.147817101924747
"2293",0.138636070140826
"2294",0.140226834421401
"2295",0.140568172120592
"2296",0.137847786386059
"2297",0.133459375189327
"2298",0.152291073345768
"2299",0.134730710750076
"2300",0.154159216195565
"2301",0.13747177239596
"2302",0.15597369176964
"2303",0.138470172886456
"2304",0.144327480526694
"2305",0.169965131788879
"2306",0.135311545298477
"2307",0.143080560802685
"2308",0.135841811736504
"2309",0.155890927025031
"2310",0.13148364597257
"2311",0.143781890620052
"2312",0.130745632070465
"2313",0.164153245629612
"2314",0.147829046799631
"2315",0.128959868828183
"2316",0.13934128648323
"2317",0.159252703265843
"2318",0.131079255552572
"2319",0.151114851383333
"2320",0.140930164407478
"2321",0.144455957047547
"2322",0.134247781328685
"2323",0.133330163399876
"2324",0.142272976444908
"2325",0.148770334235139
"2326",0.139117690482788
"2327",0.137268880137132
"2328",0.151666910946018
"2329",0.155813563907372
"2330",0.13424969509145
"2331",0.146726159048696
"2332",0.15314257378737
"2333",0.145759412272345
"2334",0.140142758760612
"2335",0.136156072176579
"2336",0.135509716481372
"2337",0.14112220986166
"2338",0.138695989431213
"2339",0.120174205151821
"2340",0.136171563394867
"2341",0.145556297542012
"2342",0.153425121008313
"2343",0.141060927868058
"2344",0.132269935994656
"2345",0.148886776595377
"2346",0.153219558090891
"2347",0.152093106734097
"2348",0.120650288436618
"2349",0.137787076915204
"2350",0.134513211852982
"2351",0.150592800207231
"2352",0.139703142890558
"2353",0.156458573987533
"2354",0.145762006133141
"2355",0.13740931189718
"2356",0.153214522391735
"2357",0.139409956545991
"2358",0.143375209469924
"2359",0.135281687692975
"2360",0.142137577632898
"2361",0.152436231858557
"2362",0.152014251220013
"2363",0.137280408086268
"2364",0.142564927720319
"2365",0.143651876631187
"2366",0.131527031768488
"2367",0.148328921430217
"2368",0.144010528130393
"2369",0.155204821497494
"2370",0.141058679148317
"2371",0.141970053128079
"2372",0.145222395216745
"2373",0.157751582206327
"2374",0.139082250826329
"2375",0.126514041700823
"2376",0.137744315499927
"2377",0.158458105781221
"2378",0.127701973040381
"2379",0.146451458995614
"2380",0.164303456546333
"2381",0.13678958422796
"2382",0.146524092262187
"2383",0.157965225843694
"2384",0.146823602367177
"2385",0.151262043552554
"2386",0.13937890648565
"2387",0.164648360844145
"2388",0.144520395602018
"2389",0.147604633380048
"2390",0.148147964972978
"2391",0.145960397667915
"2392",0.150474231123775
"2393",0.141338240166233
"2394",0.147738819082271
"2395",0.160226613134887
"2396",0.147934399047241
"2397",0.156708644584433
"2398",0.138574938537849
"2399",0.14755879643225
"2400",0.147320042119071
"2401",0.133951447259154
"2402",0.144459759584716
"2403",0.137113510786146
"2404",0.148778538649709
"2405",0.141356853805173
"2406",0.133746476481143
"2407",0.147088593588848
"2408",0.147810210387834
"2409",0.144741425025993
"2410",0.145702384544716
"2411",0.146125896292512
"2412",0.135374936877056
"2413",0.132417533102224
"2414",0.132210101211956
"2415",0.155016911314936
"2416",0.135990782519139
"2417",0.138028104165215
"2418",0.164429894928281
"2419",0.131959593752999
"2420",0.147685192690749
"2421",0.134477350631804
"2422",0.152636778557824
"2423",0.118937180931895
"2424",0.145424444273594
"2425",0.138205296945266
"2426",0.154934171080194
"2427",0.12614625390529
"2428",0.147042492090985
"2429",0.165100303061202
"2430",0.155481338094383
"2431",0.141967529541311
"2432",0.152109513800914
"2433",0.124975028905546
"2434",0.148035905166797
"2435",0.132684475525967
"2436",0.139717331559278
"2437",0.127511948010212
"2438",0.144665629627658
"2439",0.155803101788658
"2440",0.145751559418171
"2441",0.131738487514031
"2442",0.149540185402399
"2443",0.15535145709308
"2444",0.132430228999414
"2445",0.152158434953429
"2446",0.157441178987753
"2447",0.157697541002642
"2448",0.133682868734427
"2449",0.171449292688391
"2450",0.16831762499425
"2451",0.145694452291873
"2452",0.142969574573292
"2453",0.133765656068668
"2454",0.14738621315765
"2455",0.139995049199325
"2456",0.147283851774181
"2457",0.119689061451082
"2458",0.122948533761781
"2459",0.144969213968988
"2460",0.144749555266073
"2461",0.152182956498473
"2462",0.137916857061165
"2463",0.144203829130728
"2464",0.145684607586554
"2465",0.14111624542144
"2466",0.126329854942892
"2467",0.141895008710649
"2468",0.130473233169412
"2469",0.141733347079409
"2470",0.123534583854749
"2471",0.142785266546664
"2472",0.127265095912482
"2473",0.13635658639358
"2474",0.13768010788876
"2475",0.141870816525373
"2476",0.144133583820236
"2477",0.1370339298509
"2478",0.135436435490077
"2479",0.144392164685878
"2480",0.150128659907766
"2481",0.137814095458501
"2482",0.134020726074383
"2483",0.150300872252639
"2484",0.14386687347122
"2485",0.150795320826905
"2486",0.142458464806534
"2487",0.138400933671118
"2488",0.132375958254064
"2489",0.144896129066625
"2490",0.118996080057823
"2491",0.139151793196169
"2492",0.131120738775492
"2493",0.144300352358397
"2494",0.148299020783972
"2495",0.125074282987829
"2496",0.12130325605559
"2497",0.145200630648539
"2498",0.14960366561902
"2499",0.170143492968954
"2500",0.129196588385146
"2501",0.136683688017782
"2502",0.160710689230276
"2503",0.146016623176888
"2504",0.137564633122162
"2505",0.146807254494261
"2506",0.137413515146542
"2507",0.151611341112337
"2508",0.145251126121355
"2509",0.134378016420659
"2510",0.14485377180913
"2511",0.13164489685846
"2512",0.150864947414557
"2513",0.148329297661865
"2514",0.157641747940646
"2515",0.148811611879027
"2516",0.148581083658362
"2517",0.133341010647079
"2518",0.151036068740994
"2519",0.151248726032505
"2520",0.152683898742885
"2521",0.146320377020048
"2522",0.132937952846375
"2523",0.153091016428995
"2524",0.136189569808221
"2525",0.13897027735756
"2526",0.137138700157535
"2527",0.138814438790407
"2528",0.134499262069158
"2529",0.12803345812522
"2530",0.128247989708169
"2531",0.151416032383641
"2532",0.14778394212052
"2533",0.133799590190338
"2534",0.130681455310956
"2535",0.144019205023416
"2536",0.157148132662778
"2537",0.135459281245073
"2538",0.150413371544258
"2539",0.160660837589525
"2540",0.144238255499058
"2541",0.156585099494517
"2542",0.153469491463591
"2543",0.151585229990259
"2544",0.137713086067949
"2545",0.141015371654304
"2546",0.143327054655168
"2547",0.149508674818025
"2548",0.163484079664522
"2549",0.136895598322215
"2550",0.157315560937497
"2551",0.135299382174393
"2552",0.147577684690428
"2553",0.157792655382857
"2554",0.16041447897409
"2555",0.141095303506801
"2556",0.150869116270983
"2557",0.134817259460506
"2558",0.142168572894749
"2559",0.15205228036307
"2560",0.127781438670845
"2561",0.134022812853655
"2562",0.137467068351286
"2563",0.143478320991563
"2564",0.139279709571007
"2565",0.136652136433517
"2566",0.159811072603448
"2567",0.137451932768307
"2568",0.139907203831222
"2569",0.152899986482061
"2570",0.148512677525902
"2571",0.155767810614319
"2572",0.126844690689794
"2573",0.135539309314814
"2574",0.133275434632965
"2575",0.15447314580015
"2576",0.158473582396396
"2577",0.150510493005303
"2578",0.163197910035462
"2579",0.14946559333802
"2580",0.142493738486334
"2581",0.139404104987142
"2582",0.127367847988991
"2583",0.152871564953292
"2584",0.148370854317271
"2585",0.124829590073167
"2586",0.152142665326097
"2587",0.14869907490856
"2588",0.133306525722512
"2589",0.128508930102935
"2590",0.124795424793592
"2591",0.139493390206513
"2592",0.13471527091272
"2593",0.146277793368636
"2594",0.140118171421148
"2595",0.135907783465958
"2596",0.139035316606945
"2597",0.136289332956888
"2598",0.137167885769491
"2599",0.143218396011461
"2600",0.151366969461621
"2601",0.136303298280387
"2602",0.131669591952083
"2603",0.129358533973186
"2604",0.157350248756124
"2605",0.140744272388855
"2606",0.145841496861483
"2607",0.135802703979934
"2608",0.148219886700716
"2609",0.150506908633889
"2610",0.151763765470521
"2611",0.140649687712987
"2612",0.128216639412834
"2613",0.159605718256203
"2614",0.136064766006099
"2615",0.1395195944926
"2616",0.144069049560803
"2617",0.130727825365439
"2618",0.133919445827243
"2619",0.146630399614755
"2620",0.145926743156417
"2621",0.128245987254735
"2622",0.146364058456068
"2623",0.149399858173027
"2624",0.145460834746443
"2625",0.164529550043373
"2626",0.147619821482049
"2627",0.145901113831743
"2628",0.142654318535689
"2629",0.124451919310968
"2630",0.136966086775119
"2631",0.155554595472574
"2632",0.163739007351811
"2633",0.141159323164363
"2634",0.147690237475812
"2635",0.134391471265301
"2636",0.148652957340147
"2637",0.142001130416894
"2638",0.142805029900066
"2639",0.141384938452658
"2640",0.140472787798221
"2641",0.141955185612072
"2642",0.15572146704685
"2643",0.152722316193088
"2644",0.148934759377851
"2645",0.121721532402307
"2646",0.149387300713859
"2647",0.137228561596663
"2648",0.144253809498284
"2649",0.157325732930321
"2650",0.121825516956754
"2651",0.141737123129968
"2652",0.133823828338062
"2653",0.141348437014257
"2654",0.158244393901286
"2655",0.142447573681529
"2656",0.146659335203101
"2657",0.147534734402096
"2658",0.146197121704729
"2659",0.137137129125711
"2660",0.137774837373474
"2661",0.145006761740401
"2662",0.122441535784158
"2663",0.150976733387548
"2664",0.155173378614871
"2665",0.161827102221366
"2666",0.137116024136547
"2667",0.145807742782431
"2668",0.136246424585582
"2669",0.128253008971977
"2670",0.157640011107484
"2671",0.130675867275417
"2672",0.146712297464686
"2673",0.139369083648824
"2674",0.128099584933377
"2675",0.140660256741031
"2676",0.136228065901451
"2677",0.159400765886571
"2678",0.132404302565649
"2679",0.14168863790051
"2680",0.143057542464837
"2681",0.150569226198079
"2682",0.142110749726257
"2683",0.150720154096016
"2684",0.145207226345843
"2685",0.149926763091945
"2686",0.16050841822965
"2687",0.149451707678763
"2688",0.154075018679367
"2689",0.154630367784965
"2690",0.131428055493109
"2691",0.146626327408123
"2692",0.137964754750784
"2693",0.147851839253189
"2694",0.12646413464176
"2695",0.127962186074416
"2696",0.131929778622542
"2697",0.14125474647548
"2698",0.137073501093075
"2699",0.130405105505132
"2700",0.135882154303192
"2701",0.137625073681611
"2702",0.141166978821889
"2703",0.136780759698578
"2704",0.158951238721276
"2705",0.154726323757479
"2706",0.131637720030887
"2707",0.145769656062091
"2708",0.15943201413094
"2709",0.148268289107718
"2710",0.150491291136107
"2711",0.150070767762888
"2712",0.143862276684635
"2713",0.134185742315681
"2714",0.140808163011728
"2715",0.140949826642022
"2716",0.137693714956499
"2717",0.141704248679071
"2718",0.15540245423953
"2719",0.151467787454701
"2720",0.135397830087505
"2721",0.147517191066492
"2722",0.1435979965716
"2723",0.138674995298592
"2724",0.13121897139284
"2725",0.149980987878189
"2726",0.148998107712474
"2727",0.133140961931726
"2728",0.140312662661611
"2729",0.160893395099623
"2730",0.144240426740373
"2731",0.166307723410054
"2732",0.144342395124995
"2733",0.145261069774397
"2734",0.14201539620282
"2735",0.140686701635976
"2736",0.14426501319733
"2737",0.129237607268299
"2738",0.145901067300632
"2739",0.138989764553732
"2740",0.140081379296244
"2741",0.134866148800992
"2742",0.138784381684347
"2743",0.144639148988531
"2744",0.129953435027633
"2745",0.174930031024361
"2746",0.135739996410844
"2747",0.135122551287908
"2748",0.14360881547055
"2749",0.137855888910756
"2750",0.141656779628931
"2751",0.14685368813145
"2752",0.141907284978125
"2753",0.147739645921671
"2754",0.142983196949675
"2755",0.165033622184304
"2756",0.138721405861495
"2757",0.123474080249072
"2758",0.145433305717689
"2759",0.126118602925674
"2760",0.139152244649306
"2761",0.137457895687384
"2762",0.13975953252239
"2763",0.154969636376911
"2764",0.129063987602885
"2765",0.167958739289999
"2766",0.142593251898905
"2767",0.146826048927194
"2768",0.140428906612972
"2769",0.143356851275939
"2770",0.148961447820957
"2771",0.133011237700816
"2772",0.160697152826625
"2773",0.151599723578593
"2774",0.134541671746429
"2775",0.159193924254167
"2776",0.141726108397137
"2777",0.128999312511866
"2778",0.145203545128086
"2779",0.136700066865499
"2780",0.150962193583159
"2781",0.13503491422676
"2782",0.136030002210087
"2783",0.147042798012788
"2784",0.146973319668048
"2785",0.13509247682592
"2786",0.127437938549452
"2787",0.161416782425374
"2788",0.127471078348415
"2789",0.144494159889426
"2790",0.147086546189413
"2791",0.136876800322095
"2792",0.135642285819654
"2793",0.137534064944894
"2794",0.130045081235975
"2795",0.139724176070655
"2796",0.134198637160433
"2797",0.132236299569371
"2798",0.150467235614183
"2799",0.132021421583903
"2800",0.146806441493515
"2801",0.148913278712644
"2802",0.132310017981717
"2803",0.14501418152532
"2804",0.145736276999548
"2805",0.137939680200948
"2806",0.144381911294225
"2807",0.147958629162694
"2808",0.128510384525366
"2809",0.147938004233199
"2810",0.131781571371212
"2811",0.149395441706447
"2812",0.165063442598495
"2813",0.139269532451131
"2814",0.144128683283381
"2815",0.141394769313751
"2816",0.152820364791721
"2817",0.133959330551666
"2818",0.134725593306469
"2819",0.1283502268095
"2820",0.146658110836418
"2821",0.135677740201279
"2822",0.14726286982633
"2823",0.146864482482555
"2824",0.143032106965995
"2825",0.131700433416958
"2826",0.163585597466992
"2827",0.147258152730772
"2828",0.118645561530522
"2829",0.125599600782671
"2830",0.151616542844485
"2831",0.140056204287338
"2832",0.147453213246755
"2833",0.125533350338118
"2834",0.146947066962769
"2835",0.134260725170105
"2836",0.147875943106313
"2837",0.139472209733028
"2838",0.133484897003946
"2839",0.146498839258699
"2840",0.125985597023294
"2841",0.140859299264834
"2842",0.142977364086491
"2843",0.137635771450846
"2844",0.127605359402111
"2845",0.141385113804479
"2846",0.144937995594516
"2847",0.144938614076863
"2848",0.146399064591999
"2849",0.131671661759687
"2850",0.167135766554016
"2851",0.156213452750777
"2852",0.140043088237661
"2853",0.134125212311544
"2854",0.149672635462723
"2855",0.139099587478826
"2856",0.155710776819144
"2857",0.131646805638826
"2858",0.151387326518869
"2859",0.125875480707384
"2860",0.139349637219108
"2861",0.154166134291874
"2862",0.166607219118732
"2863",0.128232095855862
"2864",0.133660003961198
"2865",0.156306941740339
"2866",0.150407024449637
"2867",0.134973838094579
"2868",0.15656786179095
"2869",0.123439809081655
"2870",0.144080562705313
"2871",0.140165643626481
"2872",0.153417674865437
"2873",0.134908545966224
"2874",0.165308723751749
"2875",0.149308182505158
"2876",0.152207240518941
"2877",0.144329222920779
"2878",0.141581614929807
"2879",0.154607683433394
"2880",0.143178235004906
"2881",0.135561241433517
"2882",0.137360729582815
"2883",0.134941694201289
"2884",0.152351505824202
"2885",0.127378826262361
"2886",0.133878846869579
"2887",0.152660335134408
"2888",0.116957386052645
"2889",0.142411571210492
"2890",0.131677679479108
"2891",0.149357697537391
"2892",0.133294166489256
"2893",0.143239140995479
"2894",0.129028604143506
"2895",0.136491434487159
"2896",0.154787750042572
"2897",0.133736322986551
"2898",0.126163972468592
"2899",0.142640993627638
"2900",0.121320664252488
"2901",0.139655863282934
"2902",0.152813512097718
"2903",0.13036289746208
"2904",0.119597208639588
"2905",0.146491538697955
"2906",0.138349152214482
"2907",0.140853322365045
"2908",0.146193675303965
"2909",0.150271900454995
"2910",0.13672962015715
"2911",0.138020012680881
"2912",0.167868660764297
"2913",0.140853031442533
"2914",0.148943639143758
"2915",0.135129370929188
"2916",0.13806289782679
"2917",0.150717863413886
"2918",0.154798218023453
"2919",0.137864138904965
"2920",0.160161173271182
"2921",0.134175060997591
"2922",0.148756185650119
"2923",0.147578303630613
"2924",0.127872912312566
"2925",0.154230984803286
"2926",0.143818789010724
"2927",0.130453182614748
"2928",0.152732583321246
"2929",0.133289230791251
"2930",0.142093754509165
"2931",0.133692516703533
"2932",0.160474112388102
"2933",0.131943817408778
"2934",0.137456117994654
"2935",0.142009389011479
"2936",0.136518499369297
"2937",0.139555288690673
"2938",0.155930238769892
"2939",0.126404099338921
"2940",0.135693134392817
"2941",0.139802964069188
"2942",0.149702628096868
"2943",0.140485224121885
"2944",0.157093106435666
"2945",0.156737114146235
"2946",0.139480475367087
"2947",0.149684167834987
"2948",0.143754604079235
"2949",0.15150017257446
"2950",0.136990695191772
"2951",0.145158405317092
"2952",0.159351145454575
"2953",0.136093177494169
"2954",0.144269936558566
"2955",0.132071344704367
"2956",0.139324153651594
"2957",0.140992222945062
"2958",0.130166288751739
"2959",0.126957132403956
"2960",0.141170615520894
"2961",0.13360523735739
"2962",0.161406711273372
"2963",0.145712285389115
"2964",0.131426013055432
"2965",0.144167922805435
"2966",0.142163126495365
"2967",0.136958015033501
"2968",0.146685048174652
"2969",0.142698596555309
"2970",0.147097952711349
"2971",0.148145410130259
"2972",0.129833766661249
"2973",0.143331580241691
"2974",0.142501131965553
"2975",0.152108070783001
"2976",0.153667587117534
"2977",0.145203420602162
"2978",0.160702498445148
"2979",0.132588518963398
"2980",0.131514024495796
"2981",0.145077798907576
"2982",0.138905500667045
"2983",0.154370719171163
"2984",0.138176509312844
"2985",0.125746314461791
"2986",0.13829211069026
"2987",0.135805565921158
"2988",0.134517437716653
"2989",0.153448974183548
"2990",0.143468847528424
"2991",0.144685663583328
"2992",0.135701044755804
"2993",0.135070759109346
"2994",0.146293292414419
"2995",0.136582417823224
"2996",0.134041960777539
"2997",0.143005292251278
"2998",0.135698745422605
"2999",0.158788941061263
"3000",0.141879027081221
