MyNumber,ID,sciname,Label,SL,Stage,Station,Muscle,Otolith,Lat_dec.x,Long_dec.x,Year.x,Weight.x,Sex,Min_Depth,Max_Depth,DIC,Suess,Depth_Mid,d18O_SW,sd_d18O_SW,d13C,d18O,d13C_musc,d13C_musc_SD,mean_Temp,sd_Temp,mean_M,sd_M,se_M,Crushed
BAS_19,#113,Electrona antarctica,ELN,73,2,JR15004/91/1,1,Y,-60.2326,-46.1921,2016,5,F,700,1000,1.8,-0.08,850,-0.123062443,0.677797416,-4.86,4.04,-27.68,0,-0.249908888,1.684385498,0.211486905,0.010748257,0.000196235,0
BAS_21,134,Electrona antarctica,ELN,76,1,JR15004/65/2,2,Y,-60.0345,-46.5806,2016,5,M,400,700,1.8,-0.08,550,-0.123062443,0.677797416,-5.8,3.66,-27.1,0.32,1.004555718,1.699174165,0.248029787,0.012195456,0.000222658,0
BAS_31,#125,Electrona antarctica,ELN,70,4,JR15004/72/1,1,Y,-60.0737,-46.0612,2016,4.4,F,700,1000,1.8,-0.08,850,-0.123062443,0.677797416,-4.84,3.71,-26.66,0,0.842134361,1.723211987,0.21825145,0.011328006,0.00020682,0
BAS_32,#126,Electrona antarctica,ELN,87,4,JR15004/72/1,1,Y,-60.0737,-46.0612,2016,10,F,700,1000,1.8,-0.08,850,-0.123062443,0.677797416,-5.55,4.2,-28.11,0,-0.8302262,1.67430886,0.231324042,0.011312062,0.000206529,0
BAS_33,#127,Electrona antarctica,ELN,71,4,JR15004/72/1,1,Y,-60.0737,-46.0612,2016,6.6,F,700,1000,1.8,-0.08,850,-0.123062443,0.677797416,-4.56,3.5,-27.33,0,1.548613823,1.697623424,0.203545482,0.010878416,0.000198612,0
BAS_35,#128,Electrona antarctica,ELN,81,2,JR15004/72/1,1,Y,-60.0737,-46.0612,2016,6.6,M,700,1000,1.8,-0.08,850,-0.123062443,0.677797416,-4.66,3.73,-26.47,0,0.79465394,1.702139726,0.213450979,0.011217898,0.00020481,0
BAS_37,64,Electrona antarctica,ELN,78,2,JR177/199/2,1,Y,-58.01,-43.05,2008,6.6,M,204.4,414.5,1.8,-0.08,309.45,-0.159084383,0.67632055,-5.38,3.6,-27.72,0,1.125830907,1.679317876,0.231618539,0.010711998,0.000195573,0
BAS_38,43,Electrona antarctica,ELN,85,4,JR177/205/1,1,Y,-58.02,-42.97,2008,9,F,704.2,1003,1.8,-0.08,853.6,-0.120660981,0.677895989,-4.07,3.83,-26.91,0,0.425926797,1.702264471,0.192650346,0.009942203,0.000181519,0
BAS_42,#58,Electrona antarctica,ELN,72,2,JR177/199/2,1,Y,-58.01,-43.05,2008,4.5,M,204.4,414.5,1.8,-0.08,309.45,-0.159084383,0.67632055,-4.56,3.7,-27.48,0,0.777729131,1.692803603,0.205562079,0.009966657,0.000181965,0
BAS_52,#114,Electrona antarctica,ELN,76,1,JR15004/91/1,1,Y,-60.2326,-46.1921,2016,5.3,M,700,1000,1.8,-0.08,850,-0.123062443,0.677797416,-4.6,3.8,-27.39,0,0.531312073,1.704598945,0.204685488,0.010790029,0.000196998,0
BAS_59,57,Electrona antarctica,ELN,77,3,JR16003/39/1,1,Y,-53.5,-39.25,2016,6.1,F,19,202,1.9,-0.1,110.5,-0.295967754,0.670738311,-5.37,3.69,-27.13,0,0.331301351,1.726943667,0.235187328,0.011722676,0.000214026,0
BAS_60,6,Electrona antarctica,ELN,52,1,JR16003/113/1,1,Y,-55.29,-41.35,2016,1.8,M,196.7,398,1.85,-0.09,297.35,-0.348799933,0.66859658,-5.66,3.71,-27.2,0,0.076574889,1.703392707,0.243586088,0.011706991,0.000213739,0
BAS_61,55,Electrona antarctica,ELN,45,NA,JR16003/39/2,NA,Y,-53.52,-39.25,2016,NA,F,15,209,1.9,-0.1,112,-0.293566292,0.670835834,-4.17,4.09,-27.15,0.44,-1.033523889,1.681630627,0.193933016,0.011159238,0.000203739,0
BAS_62,8,Electrona antarctica,ELN,80,3,JR16003/129/2,1,Y,-54.66,-45.2,2016,6.2,M,82,208,1.85,-0.1,145,-0.329588232,0.669374557,-4.11,3.78,-27.11,0,-0.127181253,1.702251027,0.191342914,0.010714345,0.000195616,0
BAS_65,11,Electrona antarctica,ELN,46,1,JR16003/113/1,1,Y,-55.29,-41.35,2016,1.3,M,196.7,398,1.85,-0.09,297.35,-0.348799933,0.66859658,-3.76,3.81,-27.55,0,-0.231353522,1.720420947,0.176537597,0.010417685,0.0001902,0
BAS_67,4,Electrona antarctica,ELN,64,1,JR16003/113/2,1,Y,-55.3,-41.36,2016,3.3,M,27.7,210.6,1.85,-0.1,119.15,-0.348799933,0.66859658,-4.81,3.89,-26.44,0,-0.537619638,1.694593121,0.219846409,0.011665393,0.00021298,0
BAS_69,3,Electrona antarctica,ELN,79,2,JR16003/146/2,1,Y,-53.95,-49.19,2016,6,M,398.3,707.9,1.9,-0.1,553.1,-0.197507786,0.674748812,-5.24,4.08,-27.04,0,-0.633710458,1.691821086,0.231386153,0.011567386,0.000211191,0
BAS_71,2,Electrona antarctica,ELN,83,4,JR16003/112/2,1,Y,-55.262,-41.203,2016,7.7,F,NA,NA,1.85,-0.09,NA,-0.348799933,0.66859658,-5.22,3.73,-27.37,0,0.015871543,1.710828985,0.22703338,0.011452172,0.000209087,0
BAS_72,5,Electrona antarctica,ELN,79,3,JR16003/129/2,1,Y,-54.66,-45.2,2016,6.1,F,82,208,1.85,-0.1,145,-0.329588232,0.669374557,-4.52,3.64,-26.88,0,0.423366969,1.705613055,0.2069642,0.011018132,0.000201163,0
BAS_73,158,Electrona carlsbergi,ELC,71,1,JR177/357/1,1,Y,-50.55,-34.05,2008,4.8,M,3.8,206.8,1.95,-0.1,105.3,-0.226325338,0.673572454,-3.11,2.92,-24.27,0,3.208949819,1.716102408,0.180525069,0.010720133,0.000195722,0
BAS_74,201,Electrona carlsbergi,ELC,72,NA,JR38/185/1,NA,Y,-54.19,-35.06,1998,6.3,M,NA,NA,1.9,-0.1,NA,-0.54571987,0.660678142,-3.03,3.41,-24.39,0.71,0.36886358,1.675576501,0.179401596,0.010981442,0.000200493,0
BAS_75,148,Electrona carlsbergi,ELC,73,NA,JR177/357/1,1,Y,-50.55,-34.05,2008,5.2,U,3.8,206.8,1.95,-0.1,105.3,-0.226325338,0.673572454,-2.71,3.03,-23.25,0,2.817491654,1.717695899,0.171872846,0.010735878,0.000196009,0
BAS_76,150,Electrona carlsbergi,ELC,NA,NA,JR177/357/1,2,Y,-50.55,-34.05,2008,NA,U,3.8,206.8,1.95,-0.1,105.3,-0.226325338,0.673572454,-2.73,2.94,-24.11,0,3.115352689,1.701847154,0.167131905,0.010287594,0.000187825,0
BAS_77,145,Electrona carlsbergi,ELC,73,NA,JR177/357/1,1,Y,-50.55,-34.05,2008,6,U,3.8,206.8,1.95,-0.1,105.3,-0.226325338,0.673572454,-2.51,3.4,-24.42,0,1.577689156,1.705292515,0.156982396,0.010021126,0.00018296,0
BAS_78,146,Electrona carlsbergi,ELC,76,NA,JR177/357/1,1,Y,-50.55,-34.05,2008,6.4,U,3.8,206.8,1.95,-0.1,105.3,-0.226325338,0.673572454,-3.13,2.87,-25.53,0,3.400702833,1.70973813,0.172786902,0.009927749,0.000181255,0
BAS_79,152,Electrona carlsbergi,ELC,NA,NA,JR177/357/1,2,Y,-50.55,-34.05,2008,NA,U,3.8,206.8,1.95,-0.1,105.3,-0.226325338,0.673572454,-3.06,3.21,-24.17,0.28,2.183207986,1.691723168,0.179208537,0.011029193,0.000201365,0
BAS_80,151,Electrona carlsbergi,ELC,NA,NA,JR177/357/1,2,Y,-50.55,-34.05,2008,NA,U,3.8,206.8,1.95,-0.1,105.3,-0.226325338,0.673572454,-2.54,3.03,-24.03,0.93,2.853970879,1.706940934,0.160544691,0.012150206,0.000221831,0
BAS_81,147,Electrona carlsbergi,ELC,74,NA,JR177/357/1,1,Y,-50.55,-34.05,2008,5.8,U,3.8,206.8,1.95,-0.1,105.3,-0.226325338,0.673572454,-2.56,2.85,-24.66,0,3.415827335,1.727737889,0.157192079,0.009987485,0.000182346,0
BAS_82,149,Electrona carlsbergi,ELC,NA,NA,JR177/357/1,2,Y,-50.55,-34.05,2008,NA,U,3.8,206.8,1.95,-0.1,105.3,-0.226325338,0.673572454,-2.36,2.97,-23.96,0.31,3.052656438,1.735144726,0.154351916,0.010379222,0.000189498,0
BAS_83,149,Electrona carlsbergi,ELC,NA,NA,JR177/357/1,2,Y,-50.55,-34.05,2008,NA,U,3.8,206.8,1.95,-0.1,105.3,-0.226325338,0.673572454,-3.03,3.37,-23.96,0.31,1.639028712,1.719419566,0.179483089,0.010856313,0.000198208,0
BAS_84,150,Electrona carlsbergi,ELC,NA,NA,JR177/357/1,2,Y,-50.55,-34.05,2008,NA,U,3.8,206.8,1.95,-0.1,105.3,-0.226325338,0.673572454,-2.98,3.02,-24.11,0,2.888850889,1.709622324,0.176706951,0.010950815,0.000199934,0
BAS_85,151,Electrona carlsbergi,ELC,NA,NA,JR177/357/1,2,Y,-50.55,-34.05,2008,NA,U,3.8,206.8,1.95,-0.1,105.3,-0.226325338,0.673572454,-3.51,2.88,-24.03,0.93,3.355778899,1.727004833,0.197620525,0.012899732,0.000235516,0
BAS_86,155,Electrona carlsbergi,ELC,74,2,JR177/357/1,1,Y,-50.55,-34.05,2008,5.6,M,3.8,206.8,1.95,-0.1,105.3,-0.226325338,0.673572454,-2.77,3.21,-25.92,0,2.218003259,1.692807887,0.157759052,0.009495812,0.000173369,0
BAS_87,153,Electrona carlsbergi,ELC,79,2,JR177/357/1,1,Y,-50.55,-34.05,2008,7.4,M,3.8,206.8,1.95,-0.1,105.3,-0.226325338,0.673572454,-2.43,3.38,-23.92,0,1.638396394,1.716546558,0.156926317,0.010368806,0.000189308,0
BAS_88,154,Electrona carlsbergi,ELC,81,2,JR177/357/1,1,Y,-50.55,-34.05,2008,7.7,M,3.8,206.8,1.95,-0.1,105.3,-0.226325338,0.673572454,-2.73,2.87,-25.14,0,3.372812305,1.687360143,0.161117044,0.00984913,0.00017982,0
BAS_89,157,Electrona carlsbergi,ELC,73,2,JR177/357/1,1,Y,-50.55,-34.05,2008,5.8,F,3.8,206.8,1.95,-0.1,105.3,-0.226325338,0.673572454,-2.99,3.07,-25,0,2.683682106,1.719560316,0.170988021,0.010143772,0.000185199,0
BAS_90,103,Gymnoscopelus braueri,GYR,105,1,JR15004/66/1,1,Y,-60.0328,-46.6157,2016,8.7,M,200,400,1.8,-0.08,300,-0.132668294,0.677403268,-5.18,3.8,-26.97,0,0.498895146,1.733011352,0.22755915,0.01180145,0.000215464,0
BAS_91,117,Gymnoscopelus braueri,GYR,115,2,JR15004/60/1,1,Y,-59.9641,-47.1774,2016,8.6,M,700,1000,1.8,-0.08,850,-0.123062443,0.677797416,-5.17,4.03,-28.24,0,-0.276261195,1.681083389,0.217818322,0.010866447,0.000198393,0
BAS_93,#113,Gymnoscopelus braueri,GYR,122,1,JR15004/96/1,1,Y,-60.3073,-46.7017,2016,15.6,F,200,400,1.8,-0.08,300,-0.288763367,0.671030923,-5.04,3.98,-28.22,0,-0.636649094,1.72269477,0.213636933,0.010761091,0.00019647,0
BAS_94,114,Gymnoscopelus braueri,GYR,125,2,JR15004/96/1,1,Y,-60.3073,-46.7017,2016,16.3,M,200,400,1.8,-0.08,300,-0.288763367,0.671030923,-4.72,4.32,-27.43,0,-1.839038395,1.661069677,0.208548702,0.011187296,0.000204251,0
BAS_95,#111,Gymnoscopelus braueri,GYR,116,3,JR15004/96/1,1,Y,-60.3073,-46.7017,2016,14,F,200,400,1.8,-0.08,300,-0.288763367,0.671030923,-4.21,4.19,-28.22,0,-1.385657868,1.709717234,0.186416317,0.010309007,0.000188216,0
BAS_96,22,Gymnoscopelus braueri,GYR,95,2,JR177/305/2,2,Y,-52.86,-40.1,2008,6.4,F,15.5,206,1.9,-0.1,110.75,-0.271953128,0.671714202,-4.27,4.13,-25.4,2.07,-1.140860637,1.667715319,0.215568492,0.020093694,0.000366859,0
BAS_97,24,Gymnoscopelus braueri,GYR,77,J,JR177/305/2,1,Y,-52.86,-40.1,2008,3.5,J,15.5,206,1.9,-0.1,110.75,-0.271953128,0.671714202,-4.53,3.6,-25.41,0,0.735756294,1.715758819,0.22256537,0.01138606,0.00020788,0
BAS_98,#108,Gymnoscopelus braueri,GYR,109,2,JR15004/96/1,1,Y,-60.3073,-46.7017,2016,8.4,F,200,400,1.8,-0.08,300,-0.288763367,0.671030923,-4.14,3.91,-26.47,0,-0.38666733,1.721346554,0.195328236,0.010933231,0.000199613,0
BAS_99,25,Gymnoscopelus braueri,GYR,89,J,JR177/305/2,1,Y,-52.86,-40.1,2008,5,J,15.5,206,1.9,-0.1,110.75,-0.271953128,0.671714202,-4.87,3.94,-26.36,0,-0.422009628,1.694569795,0.226864778,0.010882612,0.000198688,0
BAS_100,27,Gymnoscopelus braueri,GYR,89,J,JR177/305/2,1,Y,-52.86,-40.1,2008,5.9,J,15.5,206,1.9,-0.1,110.75,-0.271953128,0.671714202,-4.34,3.83,-26.22,0,-0.057203498,1.666718117,0.209377499,0.010749401,0.000196256,0
BAS_101,28,Gymnoscopelus braueri,GYR,102,J,JR177/305/2,1,Y,-52.86,-40.1,2008,9.4,J,15.5,206,1.9,-0.1,110.75,-0.271953128,0.671714202,-3.81,3.9,-25.53,0,-0.332372038,1.707143407,0.195815764,0.010733234,0.000195961,0
BAS_102,20,Gymnoscopelus braueri,GYR,115,3,JR177/305/2,1,Y,-52.86,-40.1,2008,14.6,F,15.5,206,1.9,-0.1,110.75,-0.271953128,0.671714202,-4.52,4.25,-27.98,0,-1.495083325,1.704159916,0.203427444,0.009619019,0.000175618,0
BAS_103,#109,Gymnoscopelus braueri,GYR,98,NA,JR15004/96/1,1,Y,-60.3073,-46.7017,2016,6.2,J,200,400,1.8,-0.08,300,-0.288763367,0.671030923,-5.01,3.79,-26.95,0,-0.032811591,1.694602317,0.221722873,0.011664248,0.000212959,0
BAS_104,#110,Gymnoscopelus braueri,GYR,116,3,JR15004/96/1,1,Y,-60.3073,-46.7017,2016,14.1,F,200,400,1.8,-0.08,300,-0.288763367,0.671030923,-4.19,3.98,-27.79,0,-0.666354119,1.698283647,0.188563571,0.010380075,0.000189513,0
BAS_105,116,Gymnoscopelus braueri,GYR,114,2,JR15004/60/1,1,Y,-59.9641,-47.1774,2016,11.3,M,700,1000,1.8,-0.08,850,-0.123062443,0.677797416,-4.25,4.09,-27.47,0,-0.450929315,1.709792299,0.191895391,0.01080285,0.000197232,0
BAS_106,107,Gymnoscopelus braueri,GYR,121,2,JR15004/66/1,1,Y,-60.0328,-46.6157,2016,13.9,F,200,400,1.8,-0.08,300,-0.132668294,0.677403268,-4.19,3.98,-26.38,0,-0.097011387,1.70998294,0.197026684,0.01109076,0.000202489,0
BAS_107,21,Gymnoscopelus braueri,GYR,78,J,JR177/305/2,1,Y,-52.86,-40.1,2008,6.4,F,15.5,206,1.9,-0.1,110.75,-0.271953128,0.671714202,-4.08,3.9,-24.75,0,-0.317822356,1.704486368,0.211154061,0.01128986,0.000206124,0
BAS_110,102,Gymnoscopelus braueri,GYR,117,2,JR15004/73/1,1,Y,-60.1027,-46.0406,2016,13.9,M,200,400,1.8,-0.08,300,-0.132668294,0.677403268,-4.91,4.08,-28.74,0,-0.442267696,1.695218428,0.205907825,0.010484819,0.000191426,0
BAS_111,101,Gymnoscopelus braueri,GYR,124,3,JR15004/73/1,1,Y,-60.1027,-46.0406,2016,16.1,F,200,400,1.8,-0.08,300,-0.132668294,0.677403268,-5.19,4.36,-28.47,0,-1.375308079,1.688090822,0.216436927,0.010715817,0.000195643,0
BAS_112,#112,Gymnoscopelus braueri,GYR,106,NA,JR15004/96/1,1,Y,-60.3073,-46.7017,2016,10.4,J,200,400,1.8,-0.08,300,-0.288763367,0.671030923,-4.1,3.87,-26.61,0,-0.285325464,1.712758721,0.193347682,0.01090306,0.000199062,0
BAS_120,119,Gymnoscopelus nicholsi,GYN,148,2,JR15004/96/2,1,Y,-60.3073,-46.7017,2016,30.1,M,0,200,1.8,-0.08,100,-0.288763367,0.671030923,-2.59,3.18,-24.25,0,2.090993366,1.711898091,0.152874011,0.011440756,0.000208879,0
BAS_121,123,Gymnoscopelus nicholsi,GYN,129,2,JR15004/96/2,1,Y,-60.3073,-46.7017,2016,25.1,M,0,200,1.8,-0.08,100,-0.288763367,0.671030923,-2.19,3.24,-25.97,0,1.851936027,1.705161889,0.129504807,0.010194233,0.00018612,0
BAS_122,126,Gymnoscopelus nicholsi,GYN,151,2,JR15004/96/2,1,Y,-60.3073,-46.7017,2016,38.7,M,0,200,1.8,-0.08,100,-0.288763367,0.671030923,-2.5,3.02,-28.2,0,2.622141727,1.712240363,0.130057246,0.009629718,0.000175814,0
BAS_123,124,Gymnoscopelus nicholsi,GYN,128,2,JR15004/96/2,1,Y,-60.3073,-46.7017,2016,25.3,M,0,200,1.8,-0.08,100,-0.288763367,0.671030923,-2.43,3.21,-25.59,0,1.993341144,1.705887583,0.140076786,0.010599712,0.000193523,0
BAS_124,122,Gymnoscopelus nicholsi,GYN,125,2,JR15004/96/2,1,Y,-60.3073,-46.7017,2016,21,M,0,200,1.8,-0.08,100,-0.288763367,0.671030923,-2.5,2.91,-26.18,0,3.036053213,1.716552971,0.139388469,0.01049607,0.000191631,0
BAS_125,125,Gymnoscopelus nicholsi,GYN,154,2,JR15004/96/2,1,Y,-60.3073,-46.7017,2016,32.2,M,0,200,1.8,-0.08,100,-0.288763367,0.671030923,-2.74,3.37,-24.51,0,1.422349627,1.71371486,0.156916499,0.011109666,0.000202834,0
BAS_126,120,Gymnoscopelus nicholsi,GYN,150,2,JR15004/96/2,1,Y,-60.3073,-46.7017,2016,32.2,M,0,200,1.8,-0.08,100,-0.288763367,0.671030923,-2.4,3.18,-26.28,0,2.112417195,1.694926797,0.135398587,0.010430335,0.000190431,0
BAS_127,121,Gymnoscopelus nicholsi,GYN,151,2,JR15004/96/2,1,Y,-60.3073,-46.7017,2016,37.7,M,0,200,1.8,-0.08,100,-0.288763367,0.671030923,-2.25,3.14,-27.85,0,2.229238186,1.719107242,0.123389593,0.009652183,0.000176224,0
BAS_128,#3,Gymnoscopelus nicholsi,GYN,142,1,JR177/161/2,1,Y,-59.69,-44.09,2008,35.5,F,203.3,403.6,1.8,-0.08,303.45,-0.151879995,0.676615664,-2.36,3.06,-26.28,0.12,2.972784304,1.685245093,0.137384543,0.009278571,0.000169403,0
BAS_220,#2,Gymnoscopelus nicholsi,GYN,129,NA,JR177/161/2,1,Y,-59.69,-44.09,2008,20.8,F,203.3,403.6,1.8,-0.08,303.45,-0.151879995,0.676615664,-3.17,3.13,-26.28,0.12,2.726294594,1.702428729,0.165595395,0.009621289,0.00017566,0
BAS_129,#75,Gymnoscopelus nicholsi,GYN,139,2,JR177/165/2,1,Y,-59.68,-44.14,2008,28.4,F,11.4,209,1.8,-0.08,110.2,-0.2287268,0.673474519,-2.59,3.42,-27.27,0,1.471890723,1.713315943,0.140364471,0.008899388,0.00016248,0
BAS_130,#66,Gymnoscopelus nicholsi,GYN,124,2,JR177/334/2,1,Y,-52.64,-39.09,2008,23.2,F,406.9,719.6,1.9,-0.11,563.25,-0.226325338,0.673572454,-2.87,3.48,-24.94,0,1.270040534,1.697100733,0.165288575,0.009978683,0.000182185,0
BAS_145,#15,Krefftichthys anderssoni,KRA,38,3,JR177/328/1,1,C,-52.72,-39.08,2008,0.7,F,204.1,405,1.9,-0.11,304.55,-0.168690234,0.675927267,-3.61,3.94,-24.16,0,-0.110550641,1.701412045,0.198203538,0.011139317,0.000203375,1
BAS_146,25,Krefftichthys anderssoni,KRA,40,1,JR16003/129/1,1,C,-54.68,-45.22,2016,0.7,F,195.6,406.8,1.85,-0.1,301.2,-0.221522412,0.673768368,-3.83,3.57,-27.36,0,0.986368417,1.69423765,0.180422647,0.010513235,0.000191945,1
BAS_151,48,Krefftichthys anderssoni,KRA,44,1,JR16003/146/2,1,C,-53.95,-49.19,2016,1,F,398.3,707.9,1.9,-0.1,553.1,-0.197507786,0.674748812,-5.07,3.44,-27.23,0,1.531961028,1.738059912,0.224069785,0.011379199,0.000207755,1
BAS_152,43,Krefftichthys anderssoni,KRA,70,3,JR16003/113/1,1,C,-55.29,-41.35,2016,3.7,NA,196.7,398,1.85,-0.09,297.35,-0.348799933,0.66859658,-4.39,3.77,-27.09,0,-0.119207969,1.7150251,0.200689115,0.01085271,0.000198142,1
BAS_153,47,Krefftichthys anderssoni,KRA,43,1,JR16003/146/1,1,C,-53.94,-49.17,2016,1,M,699.1,991.1,1.9,-0.1,845.1,-0.161485846,0.676222208,-4.28,3.5,-27.74,0,1.454242122,1.713142964,0.194077152,0.010520745,0.000192082,1
BAS_155,33,Krefftichthys anderssoni,KRA,47,NA,JR16003/147/1,1,C,-53.96,-49.24,2016,1.3,M,198.3,398.5,1.9,-0.1,298.4,-0.257544352,0.672300445,-3.25,3.36,-27.5,0,1.582392407,1.708021418,0.160903768,0.010093009,0.000184272,1
BAS_156,40,Krefftichthys anderssoni,KRA,35,NA,JR16003/129/2,1,C,-54.66,-45.2,2016,0.5,F,82,208,1.85,-0.1,145,-0.329588232,0.669374557,-4.49,3.72,-26.76,0,0.107430834,1.723912014,0.2063602,0.010969411,0.000200273,1
BAS_165,54,Krefftichthys anderssoni,KRA,41,1,JR16003/129/2,1,C,-54.66,-45.2,2016,0.9,F,82,208,1.85,-0.1,145,-0.329588232,0.669374557,-4.24,3.6,-27.05,0,0.548820517,1.704645688,0.195977962,0.01071956,0.000195711,1
BAS_166,45,Krefftichthys anderssoni,KRA,42,NA,JR16003/147/1,1,C,-53.96,-49.24,2016,0.7,M,198.3,398.5,1.9,-0.1,298.4,-0.257544352,0.672300445,-4.04,3.64,-28.06,0,0.634450182,1.732712875,0.184146465,0.010255373,0.000187237,1
BAS_167,44,Krefftichthys anderssoni,KRA,65,4,JR16003/129/2,1,C,-54.66,-45.2,2016,3.1,F,82,208,1.85,-0.1,145,-0.329588232,0.669374557,-4.31,3.78,-27.46,0,-0.088263895,1.678566455,0.195648523,0.010552352,0.000192659,1
BAS_168,32,Krefftichthys anderssoni,KRA,50,2,JR16003/147/1,1,C,-53.96,-49.24,2016,1.6,M,198.3,398.5,1.9,-0.1,298.4,-0.257544352,0.672300445,-4.2,3.14,-27.84,0,2.31822469,1.701340746,0.190951779,0.010481502,0.000191365,1
BAS_169,24,Krefftichthys anderssoni,KRA,48,2,JR16003/146/1,1,C,-53.94,-49.17,2016,1.4,F,699.1,991.1,1.9,-0.1,845.1,-0.161485846,0.676222208,-3.8,3.25,-28.24,0,2.303432106,1.717936896,0.175261624,0.009867353,0.000180152,1
BAS_170,46,Krefftichthys anderssoni,KRA,58,2,JR16003/129/1,1,C,-54.68,-45.22,2016,1.7,F,195.6,406.8,1.85,-0.1,301.2,-0.221522412,0.673768368,-4.4,3.91,-26.86,0,-0.179345782,1.696809766,0.202748653,0.011112485,0.000202885,1
BAS_172,31,Krefftichthys anderssoni,KRA,44,NA,JR16003/147/1,1,C,-53.96,-49.24,2016,1,M,198.3,398.5,1.9,-0.1,298.4,-0.257544352,0.672300445,-3.95,3.65,-26.72,0,0.60419684,1.714934375,0.189476365,0.010560312,0.000192804,1
BAS_174,21,Krefftichthys anderssoni,KRA,54,2,JR16003/129/2,1,C,-54.66,-45.2,2016,1.8,M,82,208,1.85,-0.1,145,-0.329588232,0.669374557,-4.15,3.78,-27.14,0,-0.097582007,1.689375298,0.192279154,0.010647732,0.0001944,1
BAS_175,22,Krefftichthys anderssoni,KRA,46,NA,JR16003/146/1,1,C,-53.94,-49.17,2016,1,F,699.1,991.1,1.9,-0.1,845.1,-0.161485846,0.676222208,-3.65,3.45,-27.35,0,1.585725106,1.706232722,0.175150643,0.010504671,0.000191788,1
BAS_176,23,Krefftichthys anderssoni,KRA,43,2,JR16003/146/1,1,C,-53.94,-49.17,2016,0.8,F,699.1,991.1,1.9,-0.1,845.1,-0.161485846,0.676222208,-4.16,3.52,-26.92,0,1.382131226,1.702220456,0.195306117,0.010762302,0.000196492,1
BAS_177,28,Krefftichthys anderssoni,KRA,46,NA,JR16003/129/2,1,C,-54.66,-45.2,2016,1.1,M,82,208,1.85,-0.1,145,-0.329588232,0.669374557,-3.65,3.49,-27.19,0,0.850732369,1.703067101,0.175029227,0.010336216,0.000188713,1
BAS_178,26,Krefftichthys anderssoni,KRA,50,3,JR16003/129/2,1,C,-54.66,-45.2,2016,1.5,F,82,208,1.85,-0.1,145,-0.329588232,0.669374557,-4.46,3.84,-27.17,0,-0.297897322,1.691698297,0.202906894,0.010731363,0.000195927,1
BAS_221,27,Krefftichthys anderssoni,KRA,41,2,JR16003/129/2,NA,C,-54.66,-45.2,2016,0.9,M,82,208,1.85,-0.1,145,-0.329588232,0.669374557,-3.84,3.81,-27.15,0.84,-0.154689298,1.702383692,0.181903685,0.011896353,0.000217197,1
BAS_188,#26,Protomyctophum bolini,PRM,NA,NA,JR177/305/1,1,Y,-52.83,-40.12,2008,1.8,F,200,401.2,1.9,-0.1,300.6,-0.168690234,0.675927267,-3.13,3.85,-24.64,0,0.264135275,1.717246584,0.177188619,0.010379975,0.000189512,0
BAS_189,#126,Protomyctophum bolini,PRM,37,1,JR177/301/1,1,Y,-52.9,-40.21,2008,0.8,M,203,402,1.9,-0.1,302.5,-0.168690234,0.675927267,-1.62,3.41,-22.95,0,1.769593302,1.753616564,0.129231168,0.010391411,0.00018972,0
BAS_191,#30,Protomyctophum bolini,PRM,37,NA,JR177/301/1,NA,Y,-52.9,-40.21,2008,0.6,J,203,402,1.9,-0.1,302.5,-0.168690234,0.675927267,-2.27,3.49,-24.97,1.01,1.453204073,1.718912074,0.143827876,0.011249201,0.000205381,0
BAS_192,#25,Protomyctophum bolini,PRM,49,2,JR177/328/1,1,Y,-52.72,-39.08,2008,1.6,M,204.1,405,1.9,-0.11,304.55,-0.168690234,0.675927267,-3.07,3.99,-25.4,0,-0.278846407,1.723151274,0.169908824,0.01003825,0.000183273,0
BAS_193,#26,Protomyctophum bolini,PRM,52,3,JR177/328/1,1,Y,-52.72,-39.08,2008,2.2,F,204.1,405,1.9,-0.11,304.55,-0.168690234,0.675927267,-3.95,3.52,-26.04,0,1.327909925,1.698565989,0.19710126,0.010431043,0.000190444,0
BAS_194,#34,Protomyctophum bolini,PRM,36,NA,JR177/301/1,1,Y,-52.9,-40.21,2008,0.7,J,203,402,1.9,-0.1,302.5,-0.168690234,0.675927267,-1.95,3.55,-24.35,0,1.24301122,1.685365622,0.135013585,0.009661536,0.000176395,0
BAS_195,#33,Protomyctophum bolini,PRM,39,1,JR177/301/1,1,Y,-52.9,-40.21,2008,0.8,M,203,402,1.9,-0.1,302.5,-0.168690234,0.675927267,-1.76,3.48,-23.22,0,1.528434088,1.718494977,0.133269213,0.010154502,0.000185395,0
BAS_196,#27,Protomyctophum bolini,PRM,55,3,JR177/328/1,1,Y,-52.72,-39.08,2008,2.4,F,204.1,405,1.9,-0.11,304.55,-0.168690234,0.675927267,-1.78,3.49,-25.16,0,1.448726373,1.707865274,0.124436865,0.009259384,0.000169052,0
BAS_200,64,Protomyctophum bolini,PRM,37,1,JR16003/112/2,1,Y,-55.262,-41.203,2016,0.6,M,NA,NA,1.85,-0.09,NA,-0.348799933,0.66859658,-2.85,3.26,-23.36,0,1.615013306,1.693105332,0.170176304,0.011601172,0.000211807,0
BAS_201,59,Protomyctophum bolini,PRM,56,3,JR16003/112/2,1,Y,-55.262,-41.203,2016,2.3,M,NA,NA,1.85,-0.09,NA,-0.348799933,0.66859658,-3.37,3.32,-24.4,0,1.419021673,1.711264634,0.182683182,0.011605648,0.000211889,0
BAS_203,61,Protomyctophum bolini,PRM,49,2,JR16003/112/2,1,Y,-55.262,-41.203,2016,1.7,M,NA,NA,1.85,-0.09,NA,-0.348799933,0.66859658,-3.43,3.71,-25.38,0,0.090371683,1.714017615,0.178653921,0.010874274,0.000198536,0
BAS_204,62,Protomyctophum bolini,PRM,39,1,JR16003/112/2,1,Y,-55.262,-41.203,2016,0.8,M,NA,NA,1.85,-0.09,NA,-0.348799933,0.66859658,-3.27,3.38,-23.63,0,1.218344167,1.714954536,0.184382699,0.012100729,0.000220928,0
BAS_205,63,Protomyctophum bolini,PRM,44,2,JR16003/112/2,1,Y,-55.262,-41.203,2016,1,M,NA,NA,1.85,-0.09,NA,-0.348799933,0.66859658,-3.33,3.65,-25.62,0,0.28810741,1.709909342,0.173433246,0.01095087,0.000199935,0
BAS_212,70,Protomyctophum bolini,PRM,44,2,JR16003/113/1,1,Y,-55.29,-41.35,2016,1.1,M,196.7,398,1.85,-0.09,297.35,-0.348799933,0.66859658,-3.88,3.64,-25.68,0,0.336771108,1.699622837,0.192896349,0.010911266,0.000199212,0
BAS_213,74,Protomyctophum bolini,PRM,50,3,JR16003/129/1,1,C,-54.68,-45.22,2016,1.7,F,195.6,406.8,1.85,-0.1,301.2,-0.221522412,0.673768368,-3.72,3.52,-25.34,0,1.157921839,1.691428031,0.189385094,0.011466788,0.000209354,1
BAS_214,77,Protomyctophum bolini,PRM,36,2,JR16003/129/1,1,Y,-54.68,-45.22,2016,0.5,M,195.6,406.8,1.85,-0.1,301.2,-0.221522412,0.673768368,-3.08,3.94,-25.45,0,-0.279103858,1.671250597,0.165210531,0.010735732,0.000196007,0
BAS_215,78,Protomyctophum bolini,PRM,54,4,JR16003/129/1,1,Y,-54.68,-45.22,2016,1.9,F,195.6,406.8,1.85,-0.1,301.2,-0.221522412,0.673768368,-3.4,3.67,-26.27,0,0.646328594,1.699630419,0.171657259,0.010528155,0.000192217,0
BAS_217,76,Protomyctophum bolini,PRM,51,3,JR16003/129/1,1,Y,-54.68,-45.22,2016,1.5,M,195.6,406.8,1.85,-0.1,301.2,-0.221522412,0.673768368,-4.02,3.71,-25.41,0,0.489549998,1.701107702,0.199917361,0.011423473,0.000208563,0
BAS_218,75,Protomyctophum bolini,PRM,44,2,JR16003/129/1,1,Y,-54.68,-45.22,2016,1.2,M,195.6,406.8,1.85,-0.1,301.2,-0.221522412,0.673768368,-2.97,3.83,-26.17,0,0.13115816,1.696857534,0.157213576,0.010464322,0.000191052,0
BAS_219,66,Protomyctophum bolini,PRM,53,4,JR16003/113/1,1,C,-55.29,-41.35,2016,2.1,F,196.7,398,1.85,-0.09,297.35,-0.348799933,0.66859658,-3.9,3.8,-25.89,0,-0.280107389,1.720769641,0.191891284,0.011285197,0.000206039,1
