"MyNumber","ID","sciname","Label","Station.x","Muscle","Otolith","Lat_dec.x.x","Long_dec.x","Year.x","Weight.x","Sex","Min_Depth","Max_Depth","DIC","Suess","Depth_Mid","D18O_vals","d13C","d18O","d13C_musc","d13C_musc_SD","mean_Temp","sd_Temp","se_Temp","mean_M","sd_M","se_M","mean_Metabol","mean_log_Metabol","sd_Metabol","sd_log_Metabol","se_Metabol","se_log_Metabol","Dir_mean_Metabol"
"BAS_19","#113","Electrona antarctica","ELN","JR15004/91/1",1,"Y",-60.2326,-46.1921,2016,5,"F",700,1000,1.8,-0.08,850,-0.120896734,-4.86,4.04,-27.68,0,-0.258936335581621,1.71226333598977,0.0221052246153664,0.211486904799184,0.0107482571003222,0.000196235428923717,0.307198144855216,-1.79512907772242,0.461741533396581,1.1083605863166,0.00596105756365745,0.0143088736413229,0.166106010377522
"BAS_21","134","Electrona antarctica","ELN","JR15004/65/2",2,"Y",-60.0345,-46.5806,2016,5,"M",400,700,1.8,-0.08,550,-0.121972002,-5.8,3.66,-27.1,0.32,1.04228830386276,1.67571487007173,0.0216333859492665,0.248029786569306,0.0121954557273237,0.000222657540030359,0.368778883980025,-1.63282153809567,0.570298898083699,1.12575383491928,0.00736252711546203,0.0145334195152384,0.195377530541683
"BAS_31","#125","Electrona antarctica","ELN","JR15004/72/1",1,"Y",-60.0737,-46.0612,2016,4.4,"F",700,1000,1.8,-0.08,850,-0.120896734,-4.84,3.71,-26.66,0,0.914700841199058,1.7090675605679,0.022063967332076,0.218251449854185,0.0113280056670159,0.000206820141179033,0.35606210038942,-1.64687165562417,0.520295274595575,1.1258628920936,0.00671698311206359,0.0145348274373047,0.192651647604905
"BAS_32","#126","Electrona antarctica","ELN","JR15004/72/1",1,"Y",-60.0737,-46.0612,2016,10,"F",700,1000,1.8,-0.08,850,-0.120896734,-5.55,4.2,-28.11,0,-0.816347609173814,1.70393815371529,0.0219977469743557,0.231324041544085,0.0113120624178551,0.000206529058605522,0.253263482366863,-1.9795488965071,0.382189001121296,1.10106261808612,0.00493403878815475,0.0142146572765969,0.138131534876374
"BAS_33","#127","Electrona antarctica","ELN","JR15004/72/1",1,"Y",-60.0737,-46.0612,2016,6.6,"F",700,1000,1.8,-0.08,850,-0.120896734,-4.56,3.5,-27.33,0,1.61187094315294,1.69096084180618,0.021830210598014,0.203545481976164,0.0108784164831838,0.000198611803259193,0.339242096144773,-1.70113346114564,0.541984071788445,1.11517185067152,0.00699698427982111,0.0143968066860337,0.182476576681831
"BAS_35","#128","Electrona antarctica","ELN","JR15004/72/1",1,"Y",-60.0737,-46.0612,2016,6.6,"M",700,1000,1.8,-0.08,850,-0.120896734,-4.66,3.73,-26.47,0,0.801262276536722,1.69620807822102,0.0218979521288417,0.213450979328316,0.011217897663633,0.000204809853271876,0.330835052939662,-1.73807128390721,0.607878904260205,1.12245747704625,0.00784768290903528,0.0144908637180871,0.175859256311452
"BAS_37","64","Electrona antarctica","ELN","JR177/199/2",1,"Y",-58.01,-43.05,2008,6.6,"M",204.4,414.5,1.8,-0.08,309.45,-0.170474783,-5.38,3.6,-27.72,0,1.09407497928383,1.72641456011837,0.0222879161332948,0.23161853904641,0.010711997564144,0.000195573423394069,0.326145669571839,-1.74319241381867,0.492278367245381,1.1168547227015,0.00635528639346514,0.01441853247052,0.1749609603222
"BAS_38","43","Electrona antarctica","ELN","JR177/205/1",1,"Y",-58.02,-42.97,2008,9,"F",704.2,1003,1.8,-0.08,853.6,-0.120874882,-4.07,3.83,-26.91,0,0.426527357000406,1.71869339893712,0.022188236371067,0.192650345772185,0.00994220271300299,0.00018151895657336,0.296603837922622,-1.84540134124553,0.494872205334843,1.11823949997099,0.00638877269920929,0.0144364098681965,0.157961911535783
"BAS_42","#58","Electrona antarctica","ELN","JR177/199/2",1,"Y",-58.01,-43.05,2008,4.5,"M",204.4,414.5,1.8,-0.08,309.45,-0.170474783,-4.56,3.7,-27.48,0,0.747217742196797,1.70461514454771,0.0220064868884207,0.205562079002811,0.00996665711231394,0.000181965430777788,0.358676305316368,-1.65378864146561,0.548232314709012,1.12476046372425,0.00707764874906916,0.0145205951482552,0.191323676957865
"BAS_52","#114","Electrona antarctica","ELN","JR15004/91/1",1,"Y",-60.2326,-46.1921,2016,5.3,"M",700,1000,1.8,-0.08,850,-0.120896734,-4.6,3.8,-27.39,0,0.548865233143878,1.72808707941332,0.0223095082645466,0.204685487842008,0.0107900290607311,0.000196998077089958,0.34917815529201,-1.68738521883329,0.571223214488611,1.11760923042102,0.0073744599889382,0.0144282731232943,0.185002633506791
"BAS_59","57","Electrona antarctica","ELN","JR16003/39/1",1,"Y",-53.5,-39.25,2016,6.1,"F",19,202,1.9,-0.1,110.5,-0.372505248,-5.37,3.69,-27.13,0,0.0572371636008992,1.69405471871284,0.0218701523771298,0.235187328130744,0.0117226755822951,0.000214025795024602,0.317168185176895,-1.79047705553506,0.501904427980557,1.13011096508854,0.00647955830318819,0.0145896698238477,0.166880539389509
"BAS_60","6","Electrona antarctica","ELN","JR16003/113/1",1,"Y",-55.29,-41.35,2016,1.8,"M",196.7,398,1.85,-0.09,297.35,-0.055642206,-5.66,3.71,-27.2,0,1.08140039236318,1.69795878083396,0.0219205536023885,0.243586088448972,0.0117069905480292,0.000213739426788512,0.4619198852906,-1.39406551683218,0.704192275904348,1.11074541321482,0.00909108319035146,0.0143396616241909,0.248064740413049
"BAS_61","55","Electrona antarctica","ELN","JR16003/39/2",NA,"Y",-53.52,-39.25,2016,NA,"F",15,209,1.9,-0.1,112,-0.225334823,-4.17,4.09,-27.15,0.44,-0.805611780987047,1.69966178357279,0.0219425392732087,0.193933016126615,0.0111592384933524,0.000203738888246302,NA,NA,NA,NA,NA,NA,NA
"BAS_62","8","Electrona antarctica","ELN","JR16003/129/2",1,"Y",-54.66,-45.2,2016,6.2,"M",82,208,1.85,-0.1,145,-0.371859103,-4.11,3.78,-27.11,0,-0.214363170659732,1.71146575879113,0.0220949279380076,0.191342913909156,0.0107143450717113,0.000195616282822353,0.293938659370844,-1.83058457963615,0.43065723834984,1.10791930118349,0.00555976104017536,0.0143031766747514,0.160319820674083
"BAS_65","11","Electrona antarctica","ELN","JR16003/113/1",1,"Y",-55.29,-41.35,2016,1.3,"M",196.7,398,1.85,-0.09,297.35,-0.055642206,-3.76,3.81,-27.55,0,0.725638047302094,1.70379121078066,0.0219958499492269,0.176537596749989,0.0104176852722357,0.000190200040686429,0.489150813866771,-1.31294029754089,0.699831929053372,1.10417879861451,0.00903479135455973,0.014254886994231,0.269027870338484
"BAS_67","4","Electrona antarctica","ELN","JR16003/113/2",1,"Y",-55.3,-41.36,2016,3.3,"M",27.7,210.6,1.85,-0.1,119.15,-0.372243345,-4.81,3.89,-26.44,0,-0.608633834953834,1.6977839257233,0.0219182962326167,0.219846408664624,0.0116653931754447,0.000212979966145262,0.34696095873904,-1.68217648126878,0.519336206450146,1.12735869084888,0.0067046015955465,0.0145541381161997,0.18596877768484
"BAS_69","3","Electrona antarctica","ELN","JR16003/146/2",1,"Y",-53.95,-49.19,2016,6,"M",398.3,707.9,1.9,-0.1,553.1,-0.021559155,-5.24,4.08,-27.04,0,-0.112477889480737,1.7035321837216,0.0219925059242736,0.231386153231895,0.01156738590665,0.000211190606414652,0.305410312221683,-1.80500030119302,0.475142681594782,1.10716365734815,0.00613406564296308,0.0142934213547849,0.164474407038605
"BAS_71","2","Electrona antarctica","ELN","JR16003/112/2",1,"Y",-55.262,-41.203,2016,7.7,"F",NA,NA,1.85,-0.09,NA,-0.372243345,-5.22,3.73,-27.37,0,-0.0481802735096074,1.69849284611284,0.0219274483554915,0.227033379678324,0.0114521717737885,0.000209087093764264,0.284803397565894,-1.85881725746828,0.405725027945764,1.11076410401285,0.00523788758791161,0.0143399029213559,0.155856859935555
"BAS_72","5","Electrona antarctica","ELN","JR16003/129/2",1,"Y",-54.66,-45.2,2016,6.1,"F",82,208,1.85,-0.1,145,-0.371859103,-4.52,3.64,-26.88,0,0.242513758354841,1.72033800637448,0.0222094681617868,0.20696419995306,0.0110181319018309,0.000201162646140003,0.320923400493831,-1.79684291811256,0.522658914595266,1.13142477207076,0.0067474975732477,0.0146066309990553,0.165821574995937
"BAS_73","158","Electrona carlsbergi","ELC","JR177/357/1",1,"Y",-50.55,-34.05,2008,4.8,"M",3.8,206.8,1.95,-0.1,105.3,-0.366572708,-3.11,2.92,-24.27,0,2.72524543387648,1.70621079342346,0.0220270866268281,0.180525068590606,0.0107201326482817,0.000195721949030383,0.425279609588116,-1.50198571550985,0.704397545017721,1.13554552642336,0.00909373320321007,0.0146598297089934,0.222687526746159
"BAS_74","201","Electrona carlsbergi","ELC","JR38/185/1",NA,"Y",-54.19,-35.06,1998,6.3,"M",NA,NA,1.9,-0.1,NA,-0.37250525,-3.03,3.41,-24.39,0.71,1.07063199307696,1.69849996806217,0.0219275402994621,0.179401595588341,0.0109814417308012,0.000200492778329613,0.336914654494176,-1.72351073539046,0.525461226974756,1.11713635112284,0.00678367527050315,0.0144221682778056,0.178438596277214
"BAS_75","148","Electrona carlsbergi","ELC","JR177/357/1",1,"Y",-50.55,-34.05,2008,5.2,"U",3.8,206.8,1.95,-0.1,105.3,-0.366572708,-2.71,3.03,-23.25,0,2.39457521304783,1.70066294351674,0.0219554641925081,0.171872846318777,0.010735877613234,0.000196009411446099,0.408371180724105,-1.53221290031072,0.749081427447383,1.11084365860138,0.00967059964485665,0.0143409299666775,0.216057025259422
"BAS_76","150","Electrona carlsbergi","ELC","JR177/357/1",2,"Y",-50.55,-34.05,2008,NA,"U",3.8,206.8,1.95,-0.1,105.3,-0.366572708,-2.73,2.94,-24.11,0,2.68143710139226,1.73082153377223,0.0223448099185234,0.167131905021273,0.0102875941805133,0.000187824913170866,NA,NA,NA,NA,NA,NA,NA
"BAS_77","145","Electrona carlsbergi","ELC","JR177/357/1",1,"Y",-50.55,-34.05,2008,6,"U",3.8,206.8,1.95,-0.1,105.3,-0.366572708,-2.51,3.4,-24.42,0,1.08362573938965,1.70297713066553,0.0219853402201323,0.156982396222867,0.0100211260535812,0.000182959893038305,0.333301332170044,-1.71912668125294,0.532530820190479,1.11388368064696,0.00687494332646634,0.0143801764825263,0.1792225980409
"BAS_78","146","Electrona carlsbergi","ELC","JR177/357/1",1,"Y",-50.55,-34.05,2008,6.4,"U",3.8,206.8,1.95,-0.1,105.3,-0.366572708,-3.13,2.87,-25.53,0,2.89200667539827,1.71094873929448,0.022088253245007,0.172786901865204,0.00992774927264304,0.000181255074062737,0.390393052523019,-1.56270193515207,0.584496845119436,1.11832419754816,0.00754582182352784,0.014437503309216,0.209569063517216
"BAS_79","152","Electrona carlsbergi","ELC","JR177/357/1",2,"Y",-50.55,-34.05,2008,NA,"U",3.8,206.8,1.95,-0.1,105.3,-0.366572708,-3.06,3.21,-24.17,0.28,1.74470489204695,1.7018254675429,0.0219704723131511,0.179208537456087,0.0110291927653214,0.000201364588954644,NA,NA,NA,NA,NA,NA,NA
"BAS_80","151","Electrona carlsbergi","ELC","JR177/357/1",2,"Y",-50.55,-34.05,2008,NA,"U",3.8,206.8,1.95,-0.1,105.3,-0.366572708,-2.54,3.03,-24.03,0.93,2.35373788165468,1.72459572280319,0.0222644350445244,0.160544691178295,0.0121502058380208,0.000221831393860498,NA,NA,NA,NA,NA,NA,NA
"BAS_81","147","Electrona carlsbergi","ELC","JR177/357/1",1,"Y",-50.55,-34.05,2008,5.8,"U",3.8,206.8,1.95,-0.1,105.3,-0.366572708,-2.56,2.85,-24.66,0,2.98660327150406,1.68998587849573,0.0218176238757989,0.157192078687407,0.00998748453370642,0.000182345685728166,0.398904395615852,-1.53109257265822,0.599146430889774,1.1137212446386,0.00773494716258569,0.0143780794426757,0.216299215560251
"BAS_82","149","Electrona carlsbergi","ELC","JR177/357/1",2,"Y",-50.55,-34.05,2008,NA,"U",3.8,206.8,1.95,-0.1,105.3,-0.366572708,-2.36,2.97,-23.96,0.31,2.54777982604065,1.7223675499401,0.0222356694565536,0.15435191574193,0.0103792224259246,0.000189497808401413,NA,NA,NA,NA,NA,NA,NA
"BAS_83","149","Electrona carlsbergi","ELC","JR177/357/1",2,"Y",-50.55,-34.05,2008,NA,"U",3.8,206.8,1.95,-0.1,105.3,-0.366572708,-3.03,3.37,-23.96,0.31,1.18009887720528,1.6920651888196,0.021844467656652,0.179483089298496,0.0108563126049303,0.0001982082435016,NA,NA,NA,NA,NA,NA,NA
"BAS_84","150","Electrona carlsbergi","ELC","JR177/357/1",2,"Y",-50.55,-34.05,2008,NA,"U",3.8,206.8,1.95,-0.1,105.3,-0.366572708,-2.98,3.02,-24.11,0,2.37580294305677,1.7097045355955,0.0220721906443222,0.176706951024784,0.0109508149167004,0.000199933611764696,NA,NA,NA,NA,NA,NA,NA
"BAS_85","151","Electrona carlsbergi","ELC","JR177/357/1",2,"Y",-50.55,-34.05,2008,NA,"U",3.8,206.8,1.95,-0.1,105.3,-0.366572708,-3.51,2.88,-24.03,0.93,2.86949614353052,1.6884723109735,0.021798083803109,0.197620525124333,0.0128997322601334,0.000235515811488405,NA,NA,NA,NA,NA,NA,NA
"BAS_86","155","Electrona carlsbergi","ELC","JR177/357/1",1,"Y",-50.55,-34.05,2008,5.6,"M",3.8,206.8,1.95,-0.1,105.3,-0.366572708,-2.77,3.21,-25.92,0,1.7814568383019,1.69081268581168,0.0218282979123495,0.157759052367799,0.00949581187223503,0.000173369012141616,0.386950543705367,-1.61103755205405,0.638744055614868,1.1416888696554,0.0082461502996179,0.0147391399290858,0.199680327824315
"BAS_87","153","Electrona carlsbergi","ELC","JR177/357/1",1,"Y",-50.55,-34.05,2008,7.4,"M",3.8,206.8,1.95,-0.1,105.3,-0.366572708,-2.43,3.38,-23.92,0,1.13793040731229,1.69199114592066,0.0218435117669371,0.156926316596846,0.0103688060115497,0.000189307631564032,0.318895442189684,-1.76426320932455,0.48688464312689,1.11146230485093,0.00628565371451529,0.0143489166554166,0.171312961789669
"BAS_88","154","Electrona carlsbergi","ELC","JR177/357/1",1,"Y",-50.55,-34.05,2008,7.7,"M",3.8,206.8,1.95,-0.1,105.3,-0.366572708,-2.73,2.87,-25.14,0,2.91185283082399,1.71499682650266,0.0221405138261445,0.161117043952053,0.00984912963461941,0.000179819682422456,0.37552972285792,-1.6082361439626,0.617064813321809,1.11368355132257,0.00796627248508651,0.0143775928240581,0.200240498176918
"BAS_89","157","Electrona carlsbergi","ELC","JR177/357/1",1,"Y",-50.55,-34.05,2008,5.8,"F",3.8,206.8,1.95,-0.1,105.3,-0.366572708,-2.99,3.07,-25,0,2.22432298135834,1.71708777566835,0.0221675078637996,0.170988020818001,0.0101437720729723,0.000185199092751929,0.379034665227804,-1.60699425955532,0.712573514266899,1.11928059799441,0.00919928451234731,0.0144498503858848,0.200489328206397
"BAS_90","103","Gymnoscopelus braueri","GYR","JR15004/66/1",1,"Y",-60.0328,-46.6157,2016,8.7,"M",200,400,1.8,-0.08,300,-0.261639535,-5.18,3.8,-26.97,0,0.0846589099888549,1.74024010627817,0.0224664031667252,0.227559149898549,0.0118014502430593,0.000215464016979947,0.293992309584267,-1.86054686419608,0.447327296796758,1.13213616763791,0.00577497056932608,0.0146158150763357,0.15558752185366
"BAS_91","117","Gymnoscopelus braueri","GYR","JR15004/60/1",1,"Y",-59.9641,-47.1774,2016,8.6,"M",700,1000,1.8,-0.08,850,-0.120896734,-5.17,4.03,-28.24,0,-0.212683942290313,1.69263392810024,0.021851810049193,0.21781832219842,0.0108664472263302,0.000198393275526683,0.284971218269513,-1.90211447638101,0.462501036946269,1.13746423792427,0.00597086271232186,0.0146846001679573,0.14925269403583
"BAS_93","#113","Gymnoscopelus braueri","GYR","JR15004/96/1",1,"Y",-60.3073,-46.7017,2016,15.6,"F",200,400,1.8,-0.08,300,-0.261639535,-5.04,3.98,-28.22,0,-0.509247081422178,1.68000498224894,0.0216887710593188,0.213636933024981,0.0107610906609817,0.000196469736612596,0.229652355974061,-2.09786244744331,0.351311334548481,1.11913877147257,0.00453540982680057,0.0144480194133609,0.122718465263445
"BAS_94","114","Gymnoscopelus braueri","GYR","JR15004/96/1",1,"Y",-60.3073,-46.7017,2016,16.3,"M",200,400,1.8,-0.08,300,-0.261639535,-4.72,4.32,-27.43,0,-1.67876739011873,1.68315669699905,0.0217294595217827,0.208548701787937,0.011187295966021,0.000204251145269208,0.204579199790928,-2.21844766943457,0.301554116749259,1.12792034267729,0.00389304690716723,0.0145613890101257,0.108777836991334
"BAS_95","#111","Gymnoscopelus braueri","GYR","JR15004/96/1",1,"Y",-60.3073,-46.7017,2016,14,"F",200,400,1.8,-0.08,300,-0.261639535,-4.21,4.19,-28.22,0,-1.26408232914113,1.69584823942156,0.0218933066299162,0.186416316715693,0.0103090065914941,0.000188215848521026,0.223457042618625,-2.12778693945039,0.348863491924753,1.11959853130749,0.00450380831441445,0.0144539548873073,0.119100579205014
"BAS_96","22","Gymnoscopelus braueri","GYR","JR177/305/2",2,"Y",-52.86,-40.1,2008,6.4,"F",15.5,206,1.9,-0.1,110.75,-0.372630805,-4.27,4.13,-25.4,2.07,-1.43249278082843,1.65245694731702,0.0213331274576119,0.215568491878908,0.0200936938644532,0.00036685897977214,0.27430212527011,-1.91179633225127,0.408731161844041,1.11652494151414,0.00527669660965993,0.0144142750136982,0.147814623791853
"BAS_97","24","Gymnoscopelus braueri","GYR","JR177/305/2",1,"Y",-52.86,-40.1,2008,3.5,"J",15.5,206,1.9,-0.1,110.75,-0.372630805,-4.53,3.6,-25.41,0,0.364129505612309,1.68994247480541,0.0218170635365663,0.222565369506794,0.0113860600087695,0.000207880063597017,0.362105494050758,-1.63102514379188,0.556613424559683,1.10821611074486,0.00718584841198377,0.0143070084697119,0.19572882105831
"BAS_98","#108","Gymnoscopelus braueri","GYR","JR15004/96/1",1,"Y",-60.3073,-46.7017,2016,8.4,"F",200,400,1.8,-0.08,300,-0.261639535,-4.14,3.91,-26.47,0,-0.254059674069172,1.68750193643876,0.0217855563217336,0.195328236162016,0.0109332305911149,0.000199612567371973,0.284301933085226,-1.88614238517472,0.439128768920832,1.12412651838602,0.00566912802956983,0.0145124109491306,0.151655711196924
"BAS_99","25","Gymnoscopelus braueri","GYR","JR177/305/2",1,"Y",-52.86,-40.1,2008,5,"J",15.5,206,1.9,-0.1,110.75,-0.372630805,-4.87,3.94,-26.36,0,-0.777581530308989,1.68415729004587,0.0217423771224716,0.226864778494302,0.0108826122774896,0.000198688407632125,0.296208060365867,-1.82132974664946,0.447250948203031,1.10400110398034,0.00577398491321938,0.0142525929663682,0.161810440920061
"BAS_100","27","Gymnoscopelus braueri","GYR","JR177/305/2",1,"Y",-52.86,-40.1,2008,5.9,"J",15.5,206,1.9,-0.1,110.75,-0.372630805,-4.34,3.83,-26.22,0,-0.37386184945219,1.68169320322834,0.0217105658984453,0.209377498731596,0.0107494010343218,0.000196256314205581,0.296230119914151,-1.82936376026533,0.446538732257368,1.10717995350919,0.00576479024489787,0.0142936317373193,0.160515661735644
"BAS_101","28","Gymnoscopelus braueri","GYR","JR177/305/2",1,"Y",-52.86,-40.1,2008,9.4,"J",15.5,206,1.9,-0.1,110.75,-0.372630805,-3.81,3.9,-25.53,0,-0.639920586128874,1.71472917720347,0.0221370584885499,0.195815763740393,0.0107332341481059,0.000195961148596746,0.258174525408692,-1.97185741197543,0.375440858904853,1.12058138350889,0.00484692064674768,0.0144666434546666,0.13919806779302
"BAS_102","20","Gymnoscopelus braueri","GYR","JR177/305/2",1,"Y",-52.86,-40.1,2008,14.6,"F",15.5,206,1.9,-0.1,110.75,-0.372630805,-4.52,4.25,-27.98,0,-1.8778019336825,1.69868180391198,0.0219298877901889,0.203427443825134,0.00961901931554538,0.000175618462006737,0.206507869514729,-2.18016119718112,0.296443293821912,1.10987067520682,0.00382706646689045,0.0143283688050667,0.113023310132948
"BAS_103","#109","Gymnoscopelus braueri","GYR","JR15004/96/1",1,"Y",-60.3073,-46.7017,2016,6.2,"J",200,400,1.8,-0.08,300,-0.261639535,-5.01,3.79,-26.95,0,0.15849882264207,1.708995033857,0.0220630310162645,0.221722872876739,0.0116642476613849,0.00021295905201558,0.313689389323762,-1.77952712062023,0.476197968452191,1.11857984308463,0.00614768933771047,0.0144408036789002,0.168717911629057
"BAS_104","#110","Gymnoscopelus braueri","GYR","JR15004/96/1",1,"Y",-60.3073,-46.7017,2016,14.1,"F",200,400,1.8,-0.08,300,-0.261639535,-4.19,3.98,-27.79,0,-0.538895455568668,1.72782683443905,0.0223061485163757,0.18856357122848,0.0103800754989913,0.000189513383313475,0.242708416918442,-2.07290505843291,0.377967812483052,1.14363657785826,0.00487954347716436,0.0147642847338623,0.125819736584448
"BAS_105","116","Gymnoscopelus braueri","GYR","JR15004/60/1",1,"Y",-59.9641,-47.1774,2016,11.3,"M",700,1000,1.8,-0.08,850,-0.120896734,-4.25,4.09,-27.47,0,-0.376863655378659,1.68864741062958,0.0218003443299489,0.191895391282025,0.0108028498134683,0.000197232150939235,0.255374790572588,-1.99949415717761,0.382480911323389,1.13118236551741,0.00493780733265908,0.0146035015439082,0.135403758935764
"BAS_106","107","Gymnoscopelus braueri","GYR","JR15004/66/1",1,"Y",-60.0328,-46.6157,2016,13.9,"F",200,400,1.8,-0.08,300,-0.261639535,-4.19,3.98,-26.38,0,-0.506277755586817,1.71462353813194,0.0221356946940008,0.197026683912671,0.0110907597275481,0.000202488642754932,0.23914641713874,-2.04582763761719,0.367960606636106,1.10774075642878,0.00475035100520673,0.0143008716718796,0.129273154364686
"BAS_107","21","Gymnoscopelus braueri","GYR","JR177/305/2",1,"Y",-52.86,-40.1,2008,6.4,"F",15.5,206,1.9,-0.1,110.75,-0.372630805,-4.08,3.9,-24.75,0,-0.626478650974717,1.70767894393461,0.022046040368426,0.211154061326036,0.0112898601146357,0.000206123701862127,0.290440284719483,-1.88075466026096,0.456558715300982,1.13875987303948,0.00589414766975519,0.0147013267453705,0.152474995507883
"BAS_110","102","Gymnoscopelus braueri","GYR","JR15004/73/1",1,"Y",-60.1027,-46.0406,2016,13.9,"M",200,400,1.8,-0.08,300,-0.261639535,-4.91,4.08,-28.74,0,-0.843858319494992,1.67801421083022,0.0216630703108161,0.205907824893346,0.0104848186267965,0.000191425722441559,0.236132693751741,-2.08520727694864,0.402324772540464,1.12090543837972,0.00519399047938635,0.0144708269850599,0.124281356835382
"BAS_111","101","Gymnoscopelus braueri","GYR","JR15004/73/1",1,"Y",-60.1027,-46.0406,2016,16.1,"F",200,400,1.8,-0.08,300,-0.261639535,-5.19,4.36,-28.47,0,-1.81693447965635,1.70484122246476,0.0220094055417798,0.216436926658467,0.0107158174190498,0.000195643164084012,0.206815276011255,-2.21972472057762,0.327388086349707,1.12938878880093,0.00422656202059711,0.0145803465680645,0.10863901079321
"BAS_112","#112","Gymnoscopelus braueri","GYR","JR15004/96/1",1,"Y",-60.3073,-46.7017,2016,10.4,"J",200,400,1.8,-0.08,300,-0.261639535,-4.1,3.87,-26.61,0,-0.129542723637407,1.69009485988308,0.0218190308194598,0.193347681938762,0.0109030595601452,0.000199061722230463,0.270245594969954,-1.94776850049587,0.432245526157405,1.11903222087505,0.00558026574760098,0.0144466438510619,0.142591910603621
"BAS_120","119","Gymnoscopelus nicholsi","GYN","JR15004/96/2",1,"Y",-60.3073,-46.7017,2016,30.1,"M",0,200,1.8,-0.08,100,-0.326009512,-2.59,3.18,-24.25,0,2.00464469758461,1.69482976331656,0.021880158159939,0.15287401085099,0.0114407559976493,0.000208878671160834,0.243643768210214,-2.04164282003762,0.365489135289515,1.12514308864753,0.00471844444732014,0.0145255348147742,0.129815272475175
"BAS_121","123","Gymnoscopelus nicholsi","GYN","JR15004/96/2",1,"Y",-60.3073,-46.7017,2016,25.1,"M",0,200,1.8,-0.08,100,-0.326009512,-2.19,3.24,-25.97,0,1.81285388284589,1.74749039154402,0.0225600039470249,0.129504806701212,0.0101942333172249,0.000186120384810492,0.260555281634962,-1.97910535824184,0.435879551280681,1.11899533164531,0.00562718081020813,0.0144461676131538,0.138192815086785
"BAS_122","126","Gymnoscopelus nicholsi","GYN","JR15004/96/2",1,"Y",-60.3073,-46.7017,2016,38.7,"M",0,200,1.8,-0.08,100,-0.326009512,-2.5,3.02,-28.2,0,2.52251073504426,1.70142907595175,0.021965354919714,0.130057246138716,0.00962971811127686,0.000175813794398746,0.232953644730153,-2.09832522435505,0.37766563291742,1.13040494114012,0.00487564235574683,0.0145934650383542,0.122661687129895
"BAS_123","124","Gymnoscopelus nicholsi","GYN","JR15004/96/2",1,"Y",-60.3073,-46.7017,2016,25.3,"M",0,200,1.8,-0.08,100,-0.326009512,-2.43,3.21,-25.59,0,1.88216547770243,1.70086920363794,0.0219581269992227,0.140076786251375,0.0105997117989201,0.000193523375177406,0.248569865442899,-2.0289026098093,0.392052861377954,1.13254382135121,0.00506138067649927,0.0146210778631444,0.131479726571428
"BAS_124","122","Gymnoscopelus nicholsi","GYN","JR15004/96/2",1,"Y",-60.3073,-46.7017,2016,21,"M",0,200,1.8,-0.08,100,-0.326009512,-2.5,2.91,-26.18,0,2.88970056520407,1.70896603201786,0.0220626566041311,0.139388469158446,0.0104960695017753,0.000191631134375477,0.296682954414236,-1.8679166474865,0.517770232262614,1.13038804874424,0.00668438495571683,0.0145932469584611,0.154445090441672
"BAS_125","125","Gymnoscopelus nicholsi","GYN","JR15004/96/2",1,"Y",-60.3073,-46.7017,2016,32.2,"M",0,200,1.8,-0.08,100,-0.326009512,-2.74,3.37,-24.51,0,1.34116860648657,1.7029424992968,0.0219848931310845,0.156916499333724,0.0111096658612587,0.000202833819951882,0.219293437384137,-2.12900688792401,0.327578376803099,1.10972086310073,0.00422901865978686,0.0143264347390935,0.118955371226341
"BAS_126","120","Gymnoscopelus nicholsi","GYN","JR15004/96/2",1,"Y",-60.3073,-46.7017,2016,32.2,"M",0,200,1.8,-0.08,100,-0.326009512,-2.4,3.18,-26.28,0,2.00901577208275,1.72190063053048,0.0222296415528954,0.135398587114544,0.0104303353574352,0.000190430998587031,0.233916123322757,-2.08243877893805,0.351361737114529,1.12728885693794,0.00453606052113027,0.0145532365642862,0.124625906246645
"BAS_127","121","Gymnoscopelus nicholsi","GYN","JR15004/96/2",1,"Y",-60.3073,-46.7017,2016,37.7,"M",0,200,1.8,-0.08,100,-0.326009512,-2.25,3.14,-27.85,0,2.14290087360826,1.68967032665908,0.0218135501191049,0.123389593322414,0.00965218276377624,0.00017622394096276,0.238572030518438,-2.07599083925011,0.364575057792509,1.13810623018927,0.00470664375757665,0.0146928882524598,0.125432082869674
"BAS_128","#3","Gymnoscopelus nicholsi","GYN","JR177/161/2",1,"Y",-59.69,-44.09,2008,35.5,"F",203.3,403.6,1.8,-0.08,303.45,-0.250252336,-2.36,3.06,-26.28,0.12,2.61205135964329,1.69169166890269,0.0218396455352598,0.137384542860803,0.00927857129884068,0.000169402760059835,0.238561684879439,-2.0495276308251,0.346457058402704,1.12418275277554,0.00447274139123228,0.0145131369319776,0.128795728352734
"BAS_220","#2","Gymnoscopelus nicholsi","GYN","JR177/161/2",1,"Y",-59.69,-44.09,2008,20.8,NA,203.3,403.6,1.8,-0.08,303.45,-0.250252336,-3.17,3.13,-26.28,0.12,2.41930956307296,1.70826415084573,0.0220535953571622,0.165595395466503,0.00962128920696642,0.00017565990436455,0.265703164373143,-1.96376585799269,0.413054788516738,1.1296963654184,0.00533251438998851,0.0145843173651218,0.140328965663153
"BAS_129","#75","Gymnoscopelus nicholsi","GYN","JR177/165/2",1,"Y",-59.68,-44.14,2008,28.4,"F",11.4,209,1.8,-0.08,110.2,-0.322681218,-2.59,3.42,-27.27,0,1.18009130214555,1.71347325576618,0.022120844612514,0.140364470983757,0.00889938786125036,0.000162479849319816,0.221799720393986,-2.13721001298455,0.338755684232413,1.12486483862889,0.00437331707821745,0.0145219426224799,0.11798355684654
"BAS_130","#66","Gymnoscopelus nicholsi","GYN","JR177/334/2",1,"Y",-52.64,-39.09,2008,23.2,"F",406.9,719.6,1.9,-0.11,563.25,0.03448984,-2.87,3.48,-24.94,0,2.20943332508102,1.6926926792117,0.0218525685227804,0.165288575354322,0.00997868348581511,0.000182185001312841,0.273285179109422,-1.95879745516109,0.463602876859837,1.14954000920413,0.00598508740443998,0.0148404977048224,0.141027911377653
"BAS_145","#15","Krefftichthys anderssoni","KRA","JR177/328/1",1,"C",-52.72,-39.08,2008,0.7,"F",204.1,405,1.9,-0.11,304.55,-0.052425493,-3.61,3.94,-24.16,0,0.312767158293522,1.70582389855503,0.0220220918355542,0.19820353842633,0.0111393169361766,0.000203375172038108,0.582377773612669,-1.17282161672896,0.966073267737783,1.11661772017078,0.0124719522572154,0.0144154727810051,0.309492439047137
"BAS_146","25","Krefftichthys anderssoni","KRA","JR16003/129/1",1,"C",-54.68,-45.22,2016,0.7,"F",195.6,406.8,1.85,-0.1,301.2,-0.086165227,-3.83,3.57,-27.36,0,1.43693999775375,1.71559005805265,0.0221481724125231,0.180422646741008,0.0105132351820175,0.00019194453538493,0.619189141745859,-1.10135037258401,0.957817434740274,1.11408236908804,0.0123653699115206,0.014382741539271,0.332421887072306
"BAS_151","48","Krefftichthys anderssoni","KRA","JR16003/146/2",1,"C",-53.95,-49.19,2016,1,"F",398.3,707.9,1.9,-0.1,553.1,-0.021559155,-5.07,3.44,-27.23,0,2.17513657212863,1.70867901270786,0.0220589512007722,0.224069785278869,0.011379199069748,0.000207754800561426,0.596806254753251,-1.13283547395433,0.900788522232174,1.10873822160881,0.0116291298168667,0.0143137488919818,0.322118601390359
"BAS_152","43","Krefftichthys anderssoni","KRA","JR16003/113/1",1,"C",-55.29,-41.35,2016,3.7,NA,196.7,398,1.85,-0.09,297.35,-0.055642206,-4.39,3.77,-27.09,0,0.896661399601597,1.68281692336405,0.0217250730630166,0.200689114541745,0.0108527096346772,0.000198142462565545,0.373253677194321,-1.60773113263181,0.547003880489723,1.12382423949347,0.00706178973149177,0.0145085085454081,0.200341647435992
"BAS_153","47","Krefftichthys anderssoni","KRA","JR16003/146/1",1,"C",-53.94,-49.17,2016,1,"M",699.1,991.1,1.9,-0.1,845.1,0.016341919,-4.28,3.5,-27.74,0,2.09841411329955,1.71564345195998,0.0221488617249027,0.194077152202385,0.0105207448732714,0.000192081642961586,0.612211186952003,-1.12459173508335,0.965469340209663,1.12200501640638,0.012464155586353,0.0144850224763436,0.324785038631133
"BAS_155","33","Krefftichthys anderssoni","KRA","JR16003/147/1",1,"C",-53.96,-49.24,2016,1.3,"M",198.3,398.5,1.9,-0.1,298.4,-0.11608272,-3.25,3.36,-27.5,0,2.09973774916201,1.74525319558104,0.0225311218713355,0.160903768392374,0.0100930090060172,0.000184272290189947,0.554971217839128,-1.21349091533818,0.839177582988243,1.12496909767355,0.0108337360114135,0.0145232886009589,0.297158112849914
"BAS_156","40","Krefftichthys anderssoni","KRA","JR16003/129/2",1,"C",-54.66,-45.2,2016,0.5,"M",82,208,1.85,-0.1,145,-0.371859103,-4.49,3.72,-26.76,0,-0.0214848666071015,1.68959893044833,0.0218126283979875,0.206360199982948,0.0109694113195437,0.000200273134075553,0.602548414211239,-1.10898918112068,0.874104697733885,1.1075908224636,0.0112846431238834,0.0142989360327123,0.329892253915862
"BAS_165","54","Krefftichthys anderssoni","KRA","JR16003/129/2",1,"C",-54.66,-45.2,2016,0.9,"M",82,208,1.85,-0.1,145,-0.371859103,-4.24,3.6,-27.05,0,0.349696341283887,1.71475641949444,0.0221374101850141,0.195977962460663,0.0107195598793152,0.00019571149174761,0.522479025738,-1.24994319664183,0.78776811894571,1.09465014511345,0.0101700426844996,0.0141318726064931,0.286521071757014
"BAS_166","45","Krefftichthys anderssoni","KRA","JR16003/147/1",1,"C",-53.96,-49.24,2016,0.7,"M",198.3,398.5,1.9,-0.1,298.4,-0.11608272,-4.04,3.64,-28.06,0,1.11902510981092,1.67788575856395,0.0216614119991892,0.18414646507123,0.0102553725400672,0.000187236629193796,0.603464391494653,-1.11174097827749,0.934526055654997,1.09853184139497,0.0120646795004957,0.0141819850900043,0.328985705240577
"BAS_167","44","Krefftichthys anderssoni","KRA","JR16003/129/2",1,"C",-54.66,-45.2,2016,3.1,"F",82,208,1.85,-0.1,145,-0.371859103,-4.31,3.78,-27.46,0,-0.200453111088319,1.69878693870866,0.0219312450745777,0.195648523174641,0.0105523523481827,0.000192658713861409,0.362589403310148,-1.64890251075181,0.53831431170542,1.13468122605999,0.00694960788086733,0.0146486716392819,0.192260797033296
"BAS_168","32","Krefftichthys anderssoni","KRA","JR16003/147/1",1,"C",-53.96,-49.24,2016,1.6,"M",198.3,398.5,1.9,-0.1,298.4,-0.11608272,-4.2,3.14,-27.84,0,2.80524559366661,1.69706174708213,0.0219089729464492,0.190951779106329,0.0104815020178558,0.000191365169723852,0.564432013227851,-1.19384847500037,0.825283664413874,1.12876308285736,0.0106543662939065,0.0145722687390677,0.303052726124137
"BAS_169","24","Krefftichthys anderssoni","KRA","JR16003/146/1",1,"C",-53.94,-49.17,2016,1.4,"F",699.1,991.1,1.9,-0.1,845.1,0.016341919,-3.8,3.25,-28.24,0,2.90410569464868,1.70322387277061,0.0219885256470116,0.175261624095422,0.00986735340992044,0.000180152401516298,0.573250608540514,-1.17880197769324,0.948019709337894,1.10158214631367,0.0122388818204735,0.0142213643571742,0.307647085984504
"BAS_170","46","Krefftichthys anderssoni","KRA","JR16003/129/1",1,"C",-54.68,-45.22,2016,1.7,"F",195.6,406.8,1.85,-0.1,301.2,-0.086165227,-4.4,3.91,-26.86,0,0.31323365884525,1.70876589557199,0.0220600728537251,0.202748653208547,0.0111124853752099,0.000202885296998291,0.460069709887832,-1.405971204811,0.679319579849257,1.13095218269509,0.00876997806502931,0.01460052989645,0.245128870469646
"BAS_172","31","Krefftichthys anderssoni","KRA","JR16003/147/1",1,"C",-53.96,-49.24,2016,1,"M",198.3,398.5,1.9,-0.1,298.4,-0.11608272,-3.95,3.65,-26.72,0,1.12965456496967,1.7190895430484,0.0221933505695525,0.189476364534099,0.0105603119770145,0.000192804036136761,0.542737366435134,-1.22626673721581,0.827633780263877,1.11510256690802,0.010684706159069,0.014395912236493,0.293385822097824
"BAS_174","21","Krefftichthys anderssoni","KRA","JR16003/129/2",1,"C",-54.66,-45.2,2016,1.8,"M",82,208,1.85,-0.1,145,-0.371859103,-4.15,3.78,-27.14,0,-0.239611964010931,1.71709820881534,0.022167642555148,0.192279153691356,0.0106477324180476,0.000194400107721457,0.417184336713793,-1.51352709809889,0.694306606743775,1.11407345648421,0.00896345975026808,0.0143826264780503,0.220132179288544
"BAS_175","22","Krefftichthys anderssoni","KRA","JR16003/146/1",1,"C",-53.94,-49.17,2016,1,"F",699.1,991.1,1.9,-0.1,845.1,0.016341919,-3.65,3.45,-27.35,0,2.22784703931505,1.69747564797902,0.0219143163840513,0.175150642736041,0.0105046705813933,0.000191788167886334,0.602283484911224,-1.13517877996828,1.05991762808239,1.11066041364301,0.0136834777397159,0.0143385642844374,0.321364662634121
"BAS_176","23","Krefftichthys anderssoni","KRA","JR16003/146/1",1,"C",-53.94,-49.17,2016,0.8,"F",699.1,991.1,1.9,-0.1,845.1,0.016341919,-4.16,3.52,-26.92,0,1.95603834708249,1.68666216551481,0.0217747149257233,0.195306117130202,0.0107623016250724,0.000196491845690888,0.649339116415621,-1.06251504884437,1.09027269707688,1.11170439339324,0.0140753599953446,0.0143520420050588,0.345585551874655
"BAS_177","28","Krefftichthys anderssoni","KRA","JR16003/129/2",1,"C",-54.66,-45.2,2016,1.1,"M",82,208,1.85,-0.1,145,-0.371859103,-3.65,3.49,-27.19,0,0.773907551841595,1.69828925959888,0.0219248200648979,0.1750292270804,0.0103362157971077,0.000188712618377237,0.514466888021508,-1.27511530063593,0.777014162192625,1.10685469938117,0.0100312096997978,0.0142894327245823,0.279398751510412
"BAS_178","26","Krefftichthys anderssoni","KRA","JR16003/129/2",1,"C",-54.66,-45.2,2016,1.5,"F",82,208,1.85,-0.1,145,-0.371859103,-4.46,3.84,-27.17,0,-0.415423012756188,1.71857723563683,0.0221867367093088,0.202906893771193,0.0107313630382652,0.000195926986961168,0.43031138806606,-1.45515012586625,0.625653994285958,1.11388426457337,0.00807715833452556,0.0143801840209839,0.233365327099368
"BAS_221","27","Krefftichthys anderssoni","KRA","JR16003/129/2",NA,"C",-54.66,-45.2,2016,0.9,"M",82,208,1.85,-0.1,145,-0.371859103,-3.84,3.81,-27.15,0.84,-0.318434807480235,1.70001026619588,0.0219470381645276,0.181903684568617,0.0118963528137048,0.000217196692936872,0.493634602989086,-1.32044736311405,0.765352428708236,1.10598557423267,0.00988065736788799,0.0142782123671626,0.267015822212701
"BAS_188","#26","Protomyctophum bolini","PRM","JR177/305/1",1,"Y",-52.83,-40.12,2008,1.8,"F",200,401.2,1.9,-0.1,300.6,-0.06824851,-3.13,3.85,-24.64,0,0.606679365033281,1.70900658942961,0.0220631801980654,0.177188618926427,0.0103799753903917,0.000189511555588868,0.450401492387221,-1.42662070338108,0.710927900619522,1.12138490717883,0.00917803973151204,0.0144770169006399,0.240118986027586
"BAS_189","#126","Protomyctophum bolini","PRM","JR177/301/1",1,"Y",-52.9,-40.21,2008,0.8,"M",203,402,1.9,-0.1,302.5,-0.06824851,-1.62,3.41,-22.95,0,2.10206980428776,1.70421856273639,0.0220013670392519,0.129231168096052,0.0103914111982516,0.000189720343919807,0.638899463832904,-1.07787302356655,0.944985038258392,1.12617299774913,0.0121997043852998,0.0145388308841029,0.340318606039769
"BAS_191","#30","Protomyctophum bolini","PRM","JR177/301/1",NA,"Y",-52.9,-40.21,2008,0.6,"J",203,402,1.9,-0.1,302.5,-0.06824851,-2.27,3.49,-24.97,1.01,1.7856477038734,1.71006061400967,0.0220767875968823,0.143827876410741,0.0112492014182021,0.00020538137902228,0.68190154280017,-1.02154645411249,1.10240220546526,1.12178981688246,0.0142319512752976,0.0144822442624361,0.360037727607786
"BAS_192","#25","Protomyctophum bolini","PRM","JR177/328/1",1,"Y",-52.72,-39.08,2008,1.6,"M",204.1,405,1.9,-0.11,304.55,-0.052425493,-3.07,3.99,-25.4,0,0.11806330626781,1.7094616663255,0.0220690552155288,0.169908824232516,0.0100382498831737,0.000183272529962929,0.449156341638401,-1.44406757951223,0.742191973697196,1.12803812990908,0.00958165717939352,0.0145629096367494,0.235965993539174
"BAS_193","#26","Protomyctophum bolini","PRM","JR177/328/1",1,"Y",-52.72,-39.08,2008,2.2,"F",204.1,405,1.9,-0.11,304.55,-0.052425493,-3.95,3.52,-26.04,0,1.79771463141602,1.71893761432296,0.0221913891781411,0.197101260366203,0.010431042737912,0.000190443913528495,0.470291361884018,-1.37317450376291,0.709877520172876,1.11797216305104,0.00916447937825523,0.0144329585634005,0.253301575077894
"BAS_194","#34","Protomyctophum bolini","PRM","JR177/301/1",1,"Y",-52.9,-40.21,2008,0.7,"J",203,402,1.9,-0.1,302.5,-0.06824851,-1.95,3.55,-24.35,0,1.61392981642116,1.6847647977659,0.0217502200134128,0.135013584673158,0.00966153570059248,0.000176394701445199,0.632585712082293,-1.09537677096558,0.976419730080006,1.12818651405111,0.012605524511694,0.0145648252677858,0.334413585879904
"BAS_195","#33","Protomyctophum bolini","PRM","JR177/301/1",1,"Y",-52.9,-40.21,2008,0.8,"M",203,402,1.9,-0.1,302.5,-0.06824851,-1.76,3.48,-23.22,0,1.8282216477558,1.73497966525405,0.0223984911651248,0.133269212821369,0.0101545021157866,0.000185394995635009,0.631777875744059,-1.0847973052606,1.05631559506517,1.12328156800786,0.0136369756934219,0.014501502686654,0.337970283750991
"BAS_196","#27","Protomyctophum bolini","PRM","JR177/328/1",1,"Y",-52.72,-39.08,2008,2.4,"F",204.1,405,1.9,-0.11,304.55,-0.052425493,-1.78,3.49,-25.16,0,1.86796900614202,1.71136943818105,0.0220936844442785,0.124436864897767,0.00925938430492517,0.00016905245508056,0.472013362248742,-1.37830945227459,0.730310452369776,1.11533155534162,0.00942826739863116,0.014398868464459,0.252004218312728
"BAS_200","64","Protomyctophum bolini","PRM","JR16003/112/2",1,"Y",-55.262,-41.203,2016,0.6,"M",NA,NA,1.85,-0.09,NA,-0.372243345,-2.85,3.26,-23.36,0,1.54695652698098,1.71328911583397,0.0221184673762113,0.170176304268885,0.0116011722087435,0.000211807457074361,0.655646409881126,-1.03835693555887,1.01442909523663,1.10965653173015,0.0130962233058657,0.0143256042246705,0.354035908143535
"BAS_201","59","Protomyctophum bolini","PRM","JR16003/112/2",1,"Y",-55.262,-41.203,2016,2.3,"M",NA,NA,1.85,-0.09,NA,-0.372243345,-3.37,3.32,-24.4,0,1.35477032638777,1.69229354683974,0.0218474157460154,0.182683181684895,0.0116056477717354,0.000211889169301301,0.43753520384915,-1.42832960970372,0.643183825875835,1.09815564311342,0.0083034674872236,0.0141771283910733,0.239708995591579
"BAS_203","61","Protomyctophum bolini","PRM","JR16003/112/2",1,"Y",-55.262,-41.203,2016,1.7,"M",NA,NA,1.85,-0.09,NA,-0.372243345,-3.43,3.71,-25.38,0,0.0591452674523689,1.68915830268802,0.0218069399180623,0.178653920648792,0.0108742738434843,0.000198536169352159,0.428783474167319,-1.46801370017906,0.847041174799029,1.1107073269608,0.010935254545162,0.0143391699327658,0.230382640009746
"BAS_204","62","Protomyctophum bolini","PRM","JR16003/112/2",1,"Y",-55.262,-41.203,2016,0.8,"M",NA,NA,1.85,-0.09,NA,-0.372243345,-3.27,3.38,-23.63,0,1.1434619596351,1.73538941742882,0.0224037810429547,0.184382699093184,0.0121007285315812,0.000220928065966447,0.595146288328423,-1.14016418464861,0.874048105621475,1.11917812529403,0.0112839125228537,0.0144485274690113,0.31976651675297
"BAS_205","63","Protomyctophum bolini","PRM","JR16003/112/2",1,"Y",-55.262,-41.203,2016,1,"M",NA,NA,1.85,-0.09,NA,-0.372243345,-3.33,3.65,-25.62,0,0.199253537632461,1.69855901833012,0.0219283026351432,0.173433245944963,0.0109508696153629,0.000199934610421073,0.495316465907375,-1.31841606868766,0.709159256993838,1.11578077211311,0.00915520664048653,0.0144046678280418,0.267558761211911
"BAS_212","70","Protomyctophum bolini","PRM","JR16003/113/1",1,"Y",-55.29,-41.35,2016,1.1,"M",196.7,398,1.85,-0.09,297.35,-0.055642206,-3.88,3.64,-25.68,0,1.37936843126954,1.72407372375383,0.0222576960657747,0.192896348668602,0.0109112663223281,0.000199211556522851,0.538267218417015,-1.22564674347456,0.818459954131622,1.10275791582529,0.0105662725729649,0.0142365434762992,0.293567775870566
"BAS_213","74","Protomyctophum bolini","PRM","JR16003/129/1",1,"C",-54.68,-45.22,2016,1.7,"F",195.6,406.8,1.85,-0.1,301.2,-0.086165227,-3.72,3.52,-25.34,0,1.6402251108493,1.7178865977727,0.0221778206128219,0.189385093847116,0.0114667876976224,0.000209353942803684,0.493942163542099,-1.33394623147124,0.774269061197112,1.12034003827665,0.00999577059833355,0.0144635277011161,0.263435629419863
"BAS_214","77","Protomyctophum bolini","PRM","JR16003/129/1",1,"Y",-54.68,-45.22,2016,0.5,"M",195.6,406.8,1.85,-0.1,301.2,-0.086165227,-3.08,3.94,-25.45,0,0.19218757823282,1.72822285343124,0.0223112610995808,0.165210530924952,0.0107357319360779,0.000196006751757283,0.620089602739215,-1.08877767392317,0.930150554277117,1.1104203315247,0.0120081920206029,0.0143354648376175,0.336627711164162
"BAS_215","78","Protomyctophum bolini","PRM","JR16003/129/1",1,"Y",-54.68,-45.22,2016,1.9,"F",195.6,406.8,1.85,-0.1,301.2,-0.086165227,-3.4,3.67,-26.27,0,1.11301229641084,1.68584294509226,0.0217641388355453,0.171657258526038,0.0105281548059041,0.000192216929203337,0.448821455894389,-1.40956426972088,0.682251483030688,1.10312752079989,0.00880782877234389,0.0142413150560036,0.244249686954346
"BAS_217","76","Protomyctophum bolini","PRM","JR16003/129/1",1,"Y",-54.68,-45.22,2016,1.5,"M",195.6,406.8,1.85,-0.1,301.2,-0.086165227,-4.02,3.71,-25.41,0,0.984552022939919,1.68886364174102,0.021803135861594,0.199917360879243,0.0114234727076135,0.000208563122900151,0.488664636111507,-1.32386425947955,0.715757063744805,1.09757363164815,0.00924038395937984,0.0141696146553657,0.266105013775424
"BAS_218","75","Protomyctophum bolini","PRM","JR16003/129/1",1,"Y",-54.68,-45.22,2016,1.2,"M",195.6,406.8,1.85,-0.1,301.2,-0.086165227,-2.97,3.83,-26.17,0,0.605595907235969,1.69113445584174,0.0218324519455753,0.157213576037946,0.0104643219981816,0.000191051506913387,0.498147976008844,-1.30627489852778,0.725377286114314,1.11157784910072,0.00936458049612624,0.0143504083252671,0.270827037863616
"BAS_219","66","Protomyctophum bolini","PRM","JR16003/113/1",1,"C",-55.29,-41.35,2016,2.1,"F",196.7,398,1.85,-0.09,297.35,-0.055642206,-3.9,3.8,-25.89,0,0.842402837028404,1.70676413331705,0.0220342302141369,0.191891283755196,0.0112851967914391,0.000206038561618537,0.432454302413116,-1.43678935710603,0.6205872289228,1.10890896553479,0.00801174667495671,0.0143159531865878,0.237689671567516
