"","a","b","sigma","WAIC"
"Number",0.221379883703758,-0.00611169231723211,0.0445595688371591,-359.108185229949
"Number.1",0.221010525202533,-0.00951305121019495,0.0424362070358667,-369.688104882328
"Number.2",0.219870105592844,-0.00643029071282803,0.0441287055869994,-361.593655826194
"Number.3",0.220260657187166,-0.00493317381557043,0.0450140459832149,-356.873027718339
"Number.4",0.214926312830474,-0.0042693876712177,0.0430437270115812,-367.131540726177
"Number.5",0.219379221924092,-0.00428186677316927,0.044023634054803,-361.935217255049
"Number.6",0.217482506377478,-0.00516526479861934,0.0408801193233812,-378.038060553277
"Number.7",0.220818469912158,-0.00650119267487627,0.0399834847908398,-383.307010411006
"Number.8",0.21769005950456,-0.00445854720711686,0.0430568080362828,-366.3921231138
"Number.9",0.222294016203687,-0.00642643174195438,0.0406356526361524,-377.914833590288
"Number.10",0.220884016471577,-0.00694579485622037,0.0432264533995614,-365.894022465681
"Number.11",0.216699471144297,-0.00679299177194762,0.0404063229004226,-380.359799777225
"Number.12",0.217411644355014,-0.0077832202506322,0.0418461804546943,-372.56665786218
"Number.13",0.217397330553636,-0.00356328635406099,0.0459011138580059,-353.354241568253
"Number.14",0.222677428285842,-0.00823291667506961,0.0489318505144799,-339.632617040236
"Number.15",0.218142183805105,-0.00548129021795747,0.0424960635661802,-369.809211932311
"Number.16",0.219833020554242,-0.00586422081039984,0.040520313205142,-380.231041512604
"Number.17",0.218841300154438,-0.00805386418616337,0.0358917682399044,-406.212191236739
"Number.18",0.216427956838533,-0.00693531766170075,0.0387513435568933,-389.596974670122
"Number.19",0.218985837218894,-0.00524491931996717,0.0427015671152656,-368.500804127295
"Number.20",0.221639561143987,-0.00890636775886002,0.0412391854865066,-375.898928263686
"Number.21",0.223577543953134,-0.00766390447677273,0.0457897697938081,-352.488895647907
"Number.22",0.220862353262928,-0.0065535575594209,0.0431643166950122,-366.377340461902
"Number.23",0.221284458747495,-0.00666062547430461,0.0436379638299212,-364.072283253546
"Number.24",0.219279212908458,-0.00754702749312124,0.039842735244917,-383.2409691001
"Number.25",0.218654108284842,-0.00643553672759832,0.0448497618012737,-356.557153160144
"Number.26",0.220017933563599,-0.00798140269534134,0.0389071229136747,-388.784560502292
"Number.27",0.225045259759767,-0.00595857791750762,0.0457943849449877,-353.873629992897
"Number.28",0.219873592901712,-0.0041495050918019,0.0407976975031756,-378.520263259013
"Number.29",0.221256046302128,-0.00833568763819277,0.0429318475735486,-367.61802902134
"Number.30",0.217675416334124,-0.00808291205275367,0.0414588191684001,-375.265746098019
"Number.31",0.221421588970482,-0.00720404931840259,0.0412035914780792,-375.973466179862
"Number.32",0.218877378150145,-0.00334013223691966,0.0443671174233723,-360.649610680104
"Number.33",0.220552174704559,-0.00699474684754245,0.0416534776421075,-374.33994132325
"Number.34",0.223178787993172,-0.00863004265884615,0.0399409998000046,-382.429604707479
"Number.35",0.222637070215374,-0.00583721158934293,0.0423202752719381,-370.64515150164
"Number.36",0.227324338153679,-0.00558803154392312,0.0436758746019513,-363.532824017002
"Number.37",0.224807034358389,-0.00755859531622731,0.0429811910712121,-366.239829779153
"Number.38",0.221993583852731,-0.00652953970521688,0.0435667395021249,-364.278131861171
"Number.39",0.217945579160629,-0.00529281444161668,0.0427758088427859,-368.073842816961
"Number.40",0.223202808675423,-0.00592205677911232,0.0488745723076263,-338.320494603454
"Number.41",0.220888501757573,-0.00473703336128048,0.0439585124262577,-361.534412054719
"Number.42",0.221760393630734,-0.00491703841848602,0.0421345312359141,-371.424725118079
"Number.43",0.218390891814855,-0.00467045040504405,0.045000497455222,-356.564229498234
"Number.44",0.221512571911656,-0.00805142352098493,0.0452583080956944,-355.958720728496
"Number.45",0.218570230983677,-0.00624711924268513,0.0482528654644983,-341.991566953633
"Number.46",0.216819792557074,-0.00575003356262281,0.0421621067393156,-370.842864414818
"Number.47",0.216885926514188,-0.00658955714283026,0.0402092406033471,-382.103905117444
"Number.48",0.223727988591263,-0.00661381120917878,0.0451118760287249,-356.237183629341
"Number.49",0.219537343826055,-0.00510280887757916,0.042704601526959,-368.206439853067
"Number.50",0.223225872964939,-0.00943018719822763,0.0422222905291192,-371.284386571098
"Number.51",0.220531496509583,-0.00624493443561211,0.0445371836460326,-359.629636685828
"Number.52",0.227021476787855,-0.00899996368569893,0.0427176180272555,-368.169500937578
"Number.53",0.221649624169735,-0.00496014620218283,0.0432015791999648,-365.66486925059
"Number.54",0.215504199992817,-0.0050825716167528,0.0441448931124132,-361.409609562252
"Number.55",0.221796249888256,-0.00853135006370166,0.0387537439928479,-389.178840301196
"Number.56",0.221551816217963,-0.00682760051446265,0.0442042967752092,-361.691749183275
"Number.57",0.220451194102792,-0.00511537509646772,0.0482961680363556,-342.029863042788
"Number.58",0.218743889311341,-0.00910395870512897,0.039844601217519,-383.557315880334
"Number.59",0.222386793005265,-0.00467279340323894,0.0433492999650358,-365.566442157915
"Number.60",0.226424432755771,-0.00869204233537683,0.0421747487118454,-370.831801357328
"Number.61",0.225078884378143,-0.0063490680049215,0.0412469123503179,-376.205963096108
"Number.62",0.223221444884413,-0.00402443751085149,0.0471702172716598,-346.803202628757
"Number.63",0.222255743234316,-0.0073263056784421,0.045752081106568,-354.26645971478
"Number.64",0.221384848556388,-0.00689226535241473,0.0435458391774471,-363.968523244248
"Number.65",0.221259971459588,-0.00769377073568666,0.0418700139157937,-372.797225495094
"Number.66",0.216620944578869,-0.0089666403578424,0.0452820219952315,-355.429608142389
"Number.67",0.222200156693354,-0.00693528768726126,0.0453745090868531,-355.705021084407
"Number.68",0.220640090331335,-0.00670154491852373,0.0386477809162614,-390.537223310717
"Number.69",0.22025881244574,-0.00808189765686422,0.0417346087948006,-373.759773740967
"Number.70",0.216939139125961,-0.00670673711629826,0.0421629394172686,-371.230693699322
"Number.71",0.21881519471292,-0.00569971810431255,0.0430210569521851,-366.985916574736
"Number.72",0.218924661178709,-0.00671769605157267,0.0434771433440399,-363.628514349626
"Number.73",0.221778456745184,-0.00691815866163086,0.0423215739027024,-370.417023029581
"Number.74",0.226595066582045,-0.00883494610201519,0.0473693388859818,-346.421946730532
"Number.75",0.220660003299269,-0.00909398964194096,0.0469330961847149,-347.131815419438
"Number.76",0.220131648023721,-0.00766368251534486,0.0442074549839238,-360.66254191594
"Number.77",0.224258568625769,-0.0101816898088261,0.0407771304487968,-378.473826178743
"Number.78",0.221737157453325,-0.00844832663295023,0.0432633962092399,-365.888093060854
"Number.79",0.221808531225303,-0.00902263260647805,0.0432410516507423,-365.570527759632
"Number.80",0.221026963480644,-0.00639386322480986,0.0418202865960365,-373.278720573182
"Number.81",0.220089447708107,-0.00821889479040668,0.0432880739151865,-364.476417955784
"Number.82",0.220994694482866,-0.00710298051704943,0.0420387658005669,-371.665133557256
"Number.83",0.220293027544916,-0.00598726199518634,0.0438073340480107,-363.082409831423
"Number.84",0.219770699902839,-0.00832989665868507,0.0423529109385755,-370.339038899424
"Number.85",0.219681982430163,-0.0089239360628396,0.037711580036571,-395.236573337836
"Number.86",0.220956987303156,-0.0103796424149116,0.0368146169666346,-400.348769929085
"Number.87",0.219945794053554,-0.00712085183031726,0.0435733007846103,-364.214960071722
"Number.88",0.224980527494573,-0.00632473928384902,0.0402869759138773,-381.554206367291
"Number.89",0.217797131121023,-0.00441580756962702,0.0460187182444514,-351.265358124874
"Number.90",0.218044346406208,-0.00492228768735163,0.0425996101306398,-368.20261875507
"Number.91",0.221001377440183,-0.00460261042276256,0.0478092217463385,-344.153119753549
"Number.92",0.218461684108444,-0.005455654411755,0.0450073536629229,-357.506076691356
"Number.93",0.21928661179794,-0.00647863120669853,0.0454605372521261,-354.523530496184
"Number.94",0.219958090238762,-0.00577878490512307,0.0469454167153522,-347.870070677981
"Number.95",0.220103245764801,-0.00487911914945821,0.0475496190878576,-344.688179450456
"Number.96",0.221441949747908,-0.00795234446067886,0.0439622710128903,-362.143586312378
"Number.97",0.221055538556447,-0.00637526000137385,0.0402892143198766,-381.018238958944
"Number.98",0.22030138822698,-0.00662034397552801,0.039043733275547,-387.688819971748
"Number.99",0.218479309300543,-0.00483275751279568,0.0409991360914467,-377.062503159365
"Number.100",0.219335214707474,-0.00793852890501451,0.0420341756345196,-371.932345190398
"Number.101",0.216613410220271,-0.00912726736884382,0.0414150481996597,-375.181188522485
"Number.102",0.215932049657342,-0.00774480238105238,0.0404149260591457,-380.456940722157
"Number.103",0.221857604526899,-0.00761846709376131,0.0395699448546086,-385.356706657562
"Number.104",0.22439227648862,-0.00760157633110847,0.0429172904153581,-367.477982632695
"Number.105",0.217974898232237,-0.00622575538231027,0.0402564026654807,-381.044762478702
"Number.106",0.225156669826078,-0.00554230341907802,0.0476746327813798,-344.852340867686
"Number.107",0.22130710891974,-0.0076354894613669,0.0450056268039832,-357.204212114193
"Number.108",0.218305111158026,-0.00587825679486067,0.04209589638509,-371.267941438905
"Number.109",0.225686088955416,-0.00868148404087831,0.0435665245422699,-364.36839872598
"Number.110",0.224620020803038,-0.00837640202815398,0.0426259550558987,-368.411574956673
"Number.111",0.217949157951226,-0.00424727597202928,0.044799183891012,-358.224399788597
"Number.112",0.222080507305196,-0.00669330683136289,0.0471316806084715,-347.144923973134
"Number.113",0.225975374509466,-0.00877531845677944,0.0448004749959684,-358.928994238377
"Number.114",0.222352360645752,-0.00384601125685937,0.0433067339952427,-365.458855528939
"Number.115",0.217658179390771,-0.00554434680152659,0.0432555568954944,-365.766678152304
"Number.116",0.2230301535457,-0.00666242415676012,0.0427679397942187,-368.471487833739
"Number.117",0.221332105275777,-0.00664925971120481,0.0454071388974925,-355.32075620741
"Number.118",0.220608459632016,-0.00976963798321772,0.0447679317461693,-358.172979176042
"Number.119",0.223434399060667,-0.0100581855386172,0.0466108574222347,-349.690922948706
"Number.120",0.219185603593573,-0.00795972160265151,0.0436061223775034,-364.720138787341
"Number.121",0.222178668247388,-0.00524812356473002,0.0438355245160772,-362.797245950413
"Number.122",0.220699634599034,-0.00759166503410064,0.0441693365139751,-361.704116361442
"Number.123",0.221665158759897,-0.00827537318179321,0.0362922795790909,-403.816489510938
"Number.124",0.219620438412916,-0.00877515637683794,0.0445281847406974,-358.750910638728
"Number.125",0.218082358990559,-0.00985490373465193,0.044104530568549,-361.635883345348
"Number.126",0.218731281014665,-0.00844773272687458,0.0449769226449511,-357.141284587741
"Number.127",0.217425521836973,-0.00687345212601259,0.044066922034741,-361.93563196406
"Number.128",0.220548951632115,-0.00638695172890956,0.0442155394567339,-361.377563408771
"Number.129",0.218997014411853,-0.0058776282817467,0.0416379628440413,-373.576556533885
"Number.130",0.220478612186147,-0.0101260648860787,0.0399753920251266,-382.234110454698
"Number.131",0.217479401930303,-0.00596577392541279,0.0413639074681718,-375.35540741238
"Number.132",0.219684543975111,-0.00715189358484831,0.0442939848734758,-360.165221378932
"Number.133",0.215890620717761,-0.00674615813051841,0.0413382982595959,-375.56339950338
"Number.134",0.216194918506498,-0.00686609783251072,0.0408669988852287,-378.488829452703
"Number.135",0.223746042520769,-0.00709818286359898,0.0427926865567247,-368.617368330069
"Number.136",0.216705061347174,-0.00633892795239843,0.0366634276698905,-400.995455080983
"Number.137",0.221156814847334,-0.00629136890233959,0.044132514612251,-360.928681885427
"Number.138",0.214868715064854,-0.005360342848325,0.0406569433143826,-379.47701913566
"Number.139",0.226358702677045,-0.00950852085017947,0.0423117857931842,-370.595095990359
"Number.140",0.21777114986612,-0.00553652827927407,0.0406712174993078,-379.255176648877
"Number.141",0.219980568161165,-0.00954400989002856,0.0386009887231687,-390.571197435619
"Number.142",0.215608426671146,-0.00457912004197322,0.0437571466941586,-361.855777455907
"Number.143",0.220448032548541,-0.00717353920405664,0.0412265535961653,-375.868555299341
"Number.144",0.219106102596877,-0.00583936412272102,0.0460571724260664,-352.357470857795
"Number.145",0.221845623979848,-0.00430956078090928,0.0413475639478567,-375.80031987624
"Number.146",0.218953198249326,-0.00519840746904928,0.0384389463702089,-391.246655932202
"Number.147",0.219569999178485,-0.00776368536454238,0.0436282021271857,-363.834029975655
"Number.148",0.223606743398581,-0.00543204610125709,0.0433229994311136,-365.738295076513
"Number.149",0.224772695836664,-0.00929910853402127,0.0398978494247333,-383.583174633747
"Number.150",0.225742081676562,-0.00718685344940646,0.0369254541377719,-399.700949555319
"Number.151",0.222056495507248,-0.00465163840127997,0.046548319606028,-349.631799892471
"Number.152",0.216527769053506,-0.00599535027970433,0.038572192473571,-390.765032830707
"Number.153",0.219476322263705,-0.00667890043945676,0.0433321118363477,-365.258384930146
"Number.154",0.221550168775972,-0.00649673069972745,0.0433793483930743,-365.004757323341
"Number.155",0.217449151724294,-0.0058490518988557,0.0456988932442568,-354.448049176961
"Number.156",0.224177605051971,-0.00786743533307828,0.0440670067890708,-362.095283718207
"Number.157",0.222005788189579,-0.00572232288895745,0.044571961778252,-359.156819443059
"Number.158",0.224094412124991,-0.00629456869258433,0.0448898301675983,-357.25720358027
"Number.159",0.219266964334451,-0.00689016757579418,0.0433097435269604,-365.851203801482
"Number.160",0.221745534323372,-0.00516125244221809,0.0448913706593748,-357.875344684838
"Number.161",0.22038304816221,-0.00548963094457016,0.0413910271344358,-375.197537410765
"Number.162",0.221229857945625,-0.00438040305686423,0.0449821873586923,-357.878114707848
"Number.163",0.224250925394372,-0.00691510419278097,0.0455758639497821,-353.957803562487
"Number.164",0.22253841648546,-0.00963681666210996,0.0388117818107199,-389.378178788026
"Number.165",0.223162153472426,-0.0064080098276734,0.0446113365891531,-359.374897663972
"Number.166",0.228524904935304,-0.00625214806540096,0.0479957826580927,-342.491749908408
"Number.167",0.221803588178527,-0.00527519082788652,0.0476657105825818,-344.112469647569
"Number.168",0.218719094012398,-0.00740476537431545,0.0406656697632784,-379.392254253977
"Number.169",0.221932332331189,-0.00721847257292055,0.0393150922622345,-386.620996889616
"Number.170",0.220473327325281,-0.0074611099384295,0.0443310736004976,-360.411162191966
"Number.171",0.218328552192822,-0.00735478261121106,0.0449112474772449,-357.284448820752
"Number.172",0.217430040144538,-0.00629914532229641,0.0451100262732763,-356.485974071342
"Number.173",0.220894654460741,-0.00620395040700311,0.0466172488680751,-349.084457283423
"Number.174",0.220341818485119,-0.00667227579655936,0.0438869212172276,-361.544927012604
"Number.175",0.219107740178742,-0.0060916028001719,0.0412983332817164,-376.209583711545
"Number.176",0.216565805381409,-0.00521659938997937,0.0429338378526367,-367.844878098843
"Number.177",0.221400610209962,-0.00602003038832083,0.0449678590669305,-357.354714460377
"Number.178",0.217707375299349,-0.00242023697077821,0.0464275651207347,-350.749728970111
"Number.179",0.218731712164634,-0.00542094585357874,0.0401066499410216,-381.774043298746
"Number.180",0.222467627511888,-0.00494064745002312,0.0425141914870528,-369.376857794079
"Number.181",0.217148767241583,-0.0056581820612886,0.04329900239995,-364.90838960323
"Number.182",0.223052546466626,-0.0060590782439399,0.046767030030602,-348.921665282469
"Number.183",0.220776493868021,-0.00711149860899121,0.0434855507547785,-365.144573607184
"Number.184",0.223656957325521,-0.00781585983210416,0.0462195664434869,-351.370333401066
"Number.185",0.217399011422454,-0.00628190483825698,0.0437135224470557,-363.074468922589
"Number.186",0.221539012468879,-0.00574375679209276,0.0442993071839946,-359.47340102416
"Number.187",0.216544306623744,-0.00709347774985424,0.0427166338612629,-368.655193957541
"Number.188",0.222338450834793,-0.00836521617887578,0.0404485403275952,-380.361332903527
"Number.189",0.220315262674437,-0.00715794514427964,0.040748202248461,-378.408356706195
"Number.190",0.216208256448195,-0.00427477448392826,0.046879064488425,-348.447167694565
"Number.191",0.22031101925942,-0.00649261218333399,0.0416825647370655,-373.829547794563
"Number.192",0.220083271768789,-0.00526804159325487,0.0405212824041738,-380.080996642543
"Number.193",0.22057988923598,-0.00759992289928674,0.0444547897591491,-360.375913055116
"Number.194",0.2233306788804,-0.00726909744918106,0.0408131790529364,-378.56600529696
"Number.195",0.218148491172802,-0.00636381973158901,0.0450091829608471,-356.956565733367
"Number.196",0.223150136903267,-0.00827410209055044,0.0438699228732597,-363.237459199576
"Number.197",0.223418683174323,-0.00718403107640762,0.0445819988995291,-359.145156646658
"Number.198",0.222326891966548,-0.00674624294374055,0.04305426392848,-366.895178378967
"Number.199",0.225059911613152,-0.00650972452213183,0.0417821312196964,-373.412535149588
"Number.200",0.22011144917843,-0.0066662039384005,0.0436184532118638,-363.25096330749
"Number.201",0.224189774812745,-0.00574353694365916,0.0451213132679236,-357.189856286416
"Number.202",0.220967113672462,-0.00777002899139617,0.0383961675365444,-391.540397548847
"Number.203",0.218120558545184,-0.00247373031722194,0.0493683618829253,-337.402935485716
"Number.204",0.223966813081962,-0.00815925781414646,0.0434758137696531,-364.752412928646
"Number.205",0.217094841379107,-0.00403551217341499,0.0450785758705031,-357.360425068995
"Number.206",0.223503076668588,-0.00811484887276442,0.0421022945368519,-371.588352102229
"Number.207",0.224712223451588,-0.00805742135779551,0.0449487170236168,-357.189540507931
"Number.208",0.218169439195776,-0.00671409083875461,0.0394412009790092,-385.508165512267
"Number.209",0.22162050683601,-0.00917040752576976,0.0472223686830329,-346.8334973969
"Number.210",0.219756273007873,-0.00961543101570176,0.0405901847950044,-379.300950392434
"Number.211",0.225258924735208,-0.00889363654241872,0.042196166572023,-371.213302015945
"Number.212",0.220690763013679,-0.0061079082364991,0.0448260162101583,-357.943796303987
"Number.213",0.213148500266795,-0.0062017003529207,0.0420108417433905,-372.235764300426
"Number.214",0.222112842640767,-0.00931370861805483,0.0399643507008205,-382.590883486543
"Number.215",0.219414014347923,-0.00522656114556784,0.0392449286884087,-386.920582625979
"Number.216",0.217917193496903,-0.00590420094559965,0.0416894116685241,-373.037335669101
"Number.217",0.218415151301503,-0.00508811768153863,0.0425397319947657,-369.234878547415
"Number.218",0.215920592485025,-0.0063756297072692,0.0406837775176104,-379.240251520793
"Number.219",0.218449732847459,-0.00336810425840674,0.0450635464721583,-357.034493436106
"Number.220",0.219081141271322,-0.00439521947104014,0.0445608927970223,-359.137279393256
"Number.221",0.221024815701042,-0.00822675798361106,0.0411397869872035,-376.472906170939
"Number.222",0.226850059852933,-0.00844616213648705,0.0433851012778671,-365.289582665699
"Number.223",0.22015427417673,-0.00452327802723108,0.0469350574591748,-347.958212646864
"Number.224",0.215610905645321,-0.00516549739099459,0.0388415672849014,-389.096707401612
"Number.225",0.217081197402839,-0.00610369987853266,0.0424316447452038,-369.763601989596
"Number.226",0.220818614018976,-0.00705092706316758,0.0420714043569919,-372.345497455015
"Number.227",0.220276218595557,-0.00466425079902497,0.0430687112299057,-366.827026461918
"Number.228",0.223794528348227,-0.00596130913195863,0.042446560834374,-369.433990772356
"Number.229",0.216396524416531,-0.00543387408610708,0.0408500904393748,-378.392721701155
"Number.230",0.221438732733612,-0.00513584669791185,0.0463272232974466,-350.105174672859
"Number.231",0.217218870010779,-0.00615689284393951,0.0394769375957361,-385.792532761636
"Number.232",0.220880567414108,-0.00532441639282906,0.0434610758074782,-365.025747818881
"Number.233",0.218435636380099,-0.00712623517905193,0.0414681669853811,-374.156095292864
"Number.234",0.215124880749483,-0.00568778740641966,0.0393719349995286,-386.26835246505
"Number.235",0.21722675270794,-0.00658197367851755,0.0410515697406532,-377.231391346825
"Number.236",0.218485408752888,-0.00794217963652878,0.0442164336554689,-360.85378881066
"Number.237",0.219053083991594,-0.00418380290307154,0.0427644635959938,-366.62607271798
"Number.238",0.220429417457322,-0.00686069344161176,0.0417701868269504,-373.024723781718
"Number.239",0.218263273875392,-0.00436502202742799,0.0452181371644875,-356.190583338749
"Number.240",0.220596020827624,-0.00666401858500984,0.0441964769527903,-359.989894775963
"Number.241",0.22068521181199,-0.00770324037412237,0.0394451169472297,-385.55136616356
"Number.242",0.221817274298183,-0.00707178275409531,0.0419465798558178,-372.538750389731
"Number.243",0.225269301468758,-0.0055931074427881,0.044651418259472,-359.128635544593
"Number.244",0.221589616661342,-0.00698888894629783,0.0425943243648726,-369.421845830552
"Number.245",0.220751810982281,-0.00682674614181774,0.0419935534666419,-372.136929038811
"Number.246",0.216391375428064,-0.00637289004524735,0.0382689592425369,-392.248410896641
"Number.247",0.21927577131337,-0.00685156542944554,0.0437179186466459,-363.701824295052
"Number.248",0.219766191473039,-0.00526320330573075,0.0448066475922894,-357.676317376549
"Number.249",0.218830151636103,-0.00657140511444119,0.0428008562386345,-368.526264481308
"Number.250",0.219713621005296,-0.00739780774917831,0.0421980845049792,-371.341860622643
"Number.251",0.219181485110098,-0.00594320556177753,0.0458658959946566,-352.941784069245
"Number.252",0.218633327469348,-0.00390544587675565,0.0433231163048963,-365.761793331241
"Number.253",0.22039365012672,-0.00695015817902517,0.04382197635519,-362.860111721028
"Number.254",0.215343483930731,-0.00549269477857378,0.0421647027315706,-371.573174876163
"Number.255",0.22292270873262,-0.00888032510988286,0.0397358192561829,-384.176988988531
"Number.256",0.221777524813382,-0.00550968372021536,0.0456638143550982,-354.009562372968
"Number.257",0.227170273282532,-0.00459908319931816,0.049124136885661,-337.87659479323
"Number.258",0.225339911258483,-0.00775679683366351,0.0464295290563752,-350.223243680752
"Number.259",0.217988744854674,-0.00718017885628515,0.0439087226808043,-363.029966158667
"Number.260",0.221235985869395,-0.00846857363728062,0.0422146657095906,-371.288789407886
"Number.261",0.222610036394797,-0.0073307519334608,0.0458086373520815,-353.208886653681
"Number.262",0.223529547458102,-0.0057794021096395,0.047082474119718,-347.438558561338
"Number.263",0.21922036557798,-0.00814192316122206,0.0402587344100628,-381.152866317998
"Number.264",0.224361452131455,-0.00688133468700588,0.0421872353446532,-371.355181482848
"Number.265",0.222289750948281,-0.00895225580815057,0.0431486354155232,-365.88413585466
"Number.266",0.218277199488403,-0.00626900490848869,0.0442630308289096,-361.008210246965
"Number.267",0.217050104404496,-0.00432214193150922,0.0458775059996071,-353.153793828964
"Number.268",0.222230447812868,-0.0104638823950623,0.0456120305986235,-354.487279299774
"Number.269",0.226303819300834,-0.00778968156324148,0.0413690916306802,-375.950357349605
"Number.270",0.218117042414171,-0.00582507709943788,0.0453783447730137,-355.528807652276
"Number.271",0.223828741436141,-0.00926807773334223,0.0439437305191123,-362.083280660046
"Number.272",0.224351779970046,-0.00676196505763651,0.0469772523782562,-348.218658356129
"Number.273",0.225105402061584,-0.00795671723063706,0.0415877137309349,-373.756411891072
"Number.274",0.2223070796678,-0.00879582936661684,0.0445869655974233,-358.886806963289
"Number.275",0.215459303309026,-0.00845780357785153,0.0440614848847515,-361.535328027607
"Number.276",0.217982606475801,-0.00859765736197346,0.0393052020043029,-386.747659139372
"Number.277",0.222485680466872,-0.00662604928576045,0.0435565122470681,-364.563160051977
"Number.278",0.218204857845449,-0.00589889740752176,0.0432355272281162,-364.579609383711
"Number.279",0.217944165900631,-0.00578121227783689,0.0440043298901716,-361.356062414003
"Number.280",0.217264002432369,-0.00873125185966189,0.0408912144856369,-378.209023217934
"Number.281",0.220766522840311,-0.00458957818346504,0.0442699119328142,-360.636093939332
"Number.282",0.217219675841936,-0.00445127619935627,0.0374223167827429,-397.351553001384
"Number.283",0.220493432865287,-0.00685713377607596,0.0448321248334006,-358.49343732042
"Number.284",0.220740321029028,-0.00938906901852572,0.0411699446021912,-376.547900974974
"Number.285",0.218217043973908,-0.00705131999402972,0.0421588653428751,-370.800472813776
"Number.286",0.223345711751134,-0.00858907128035859,0.0397911664654918,-383.867784951779
"Number.287",0.21901729216009,-0.00594865923616135,0.0421947634889047,-371.135140317763
"Number.288",0.217884545613235,-0.00648196891284798,0.0427339262083419,-368.480151531776
"Number.289",0.224669436131293,-0.00418687064470757,0.0485599179097477,-340.931046871206
"Number.290",0.220904166769194,-0.00755785020488464,0.0437150545489131,-363.462557641166
"Number.291",0.224745158373833,-0.00693781678891885,0.0428381270913931,-367.715834430853
"Number.292",0.227563187185759,-0.0085224217431762,0.0434437266425446,-364.455065619711
"Number.293",0.224895117733064,-0.0054616049670142,0.0450312624930812,-356.523347090732
"Number.294",0.222162978318615,-0.00506068878199303,0.0461389657991692,-352.050198353508
"Number.295",0.221602516426012,-0.00493905523068019,0.0445190704648502,-360.143153105223
"Number.296",0.219324185820747,-0.0100722062360425,0.0398641337647212,-383.79231923576
"Number.297",0.225517124210811,-0.00675858321577407,0.0435935895040617,-364.30965995924
"Number.298",0.222851619053785,-0.00829227812992637,0.0436674879117458,-364.440694429375
"Number.299",0.217648509793461,-0.00486074517205989,0.041647071024191,-374.556558789192
"Number.300",0.223219246703887,-0.00651868597985852,0.0459564497520269,-352.465884031903
"Number.301",0.22132295723084,-0.00737412902642233,0.0419684983259425,-372.186358173049
"Number.302",0.220692759346067,-0.0074087494002347,0.0476998551177253,-345.008900958331
"Number.303",0.223015178638446,-0.00277265459799372,0.0438776278138489,-361.960217595797
"Number.304",0.218624889818213,-0.00720576610618864,0.0416507622311019,-373.919625864921
"Number.305",0.220654588866153,-0.00597224864679803,0.040515311040999,-379.657813299765
"Number.306",0.224000335766344,-0.00546498482562205,0.0466268311290889,-349.082527734362
"Number.307",0.219603142863434,-0.00658202670948293,0.0416636854053429,-373.912807600496
"Number.308",0.213717098106331,-0.00621625253894592,0.0404409983742554,-380.44118240404
"Number.309",0.21975133709939,-0.0074564803560817,0.0426544549559134,-368.532180693687
"Number.310",0.217340871668605,-0.00565569533275812,0.0445118748525479,-359.702787434128
"Number.311",0.222214241582078,-0.00447153062446547,0.0398301746332555,-383.732439519446
"Number.312",0.218551964083581,-0.00490633441650646,0.0436169378414986,-364.562026732087
"Number.313",0.219168278228855,-0.0057927338677767,0.0398280835661245,-383.737626006842
"Number.314",0.217393282531672,-0.00597211003960707,0.0388670619839646,-389.199945949282
"Number.315",0.224496329103409,-0.00833283603518205,0.0415691259406586,-374.278431905967
"Number.316",0.220376323096553,-0.00540959076300537,0.0385836182338676,-390.367310631266
"Number.317",0.219870995632951,-0.00899255895385139,0.0454966162906909,-354.642838731223
"Number.318",0.222003433057796,-0.00844886017797171,0.0439428723720333,-362.468414058226
"Number.319",0.220763013733576,-0.00635382566972188,0.0428106069729395,-368.674726767432
"Number.320",0.221748857179403,-0.00782011406387245,0.0441619900519786,-361.762096259782
"Number.321",0.218510084571284,-0.00630546888770494,0.0407205269911217,-379.143603762889
"Number.322",0.216914183192402,-0.00534814415526963,0.0449681912053567,-356.864972340463
"Number.323",0.218970534871688,-0.00836852980586137,0.0413130928275314,-375.859474181934
"Number.324",0.227148767657778,-0.00679444342453767,0.0462583464829038,-350.816440689481
"Number.325",0.219356275948413,-0.00727906508318591,0.0453633564669319,-355.198675810557
"Number.326",0.220269712176272,-0.00589713861659696,0.0437506528655074,-362.741995404674
"Number.327",0.21932046488541,-0.00481266320001172,0.0448121744276757,-358.231729673152
"Number.328",0.217435279536951,-0.00479335813012816,0.0455550605117726,-354.454911180811
"Number.329",0.220401215986399,-0.00723373852039803,0.0402640378444234,-381.13909110515
"Number.330",0.222213051411319,-0.00773320398115501,0.0438381836412427,-362.856926614158
"Number.331",0.224801401272317,-0.00779358670487356,0.0423464898004963,-370.618499880169
"Number.332",0.223074308240932,-0.0073789468188163,0.04271731448995,-369.060316328969
"Number.333",0.221873036643033,-0.00862108208879894,0.0440416118374907,-361.466779494685
"Number.334",0.224068921308769,-0.00703459707185043,0.0481912196887579,-342.839207086821
"Number.335",0.219041778816788,-0.00649557198153616,0.0428979643748037,-367.477453363232
"Number.336",0.223212275196257,-0.00881460279388649,0.0420320232949569,-371.840027857039
"Number.337",0.222844991587772,-0.00668417792848821,0.0449030771915175,-357.894577186757
"Number.338",0.221407331521741,-0.0060504437266865,0.0458360377720079,-353.673504629738
"Number.339",0.220948431081046,-0.00671096504855338,0.0388610591349859,-388.232064660594
"Number.340",0.221145406634229,-0.0080685317265752,0.0378873692717818,-394.494905747922
"Number.341",0.218965398325067,-0.00664624461080392,0.046010608221135,-352.078014985359
"Number.342",0.218344726746519,-0.00498696978742744,0.0422318425387359,-370.636423721813
"Number.343",0.224601659778572,-0.00910526192355224,0.0461919795309859,-350.941723785928
"Number.344",0.22199243506534,-0.00678272835223443,0.0431793698360083,-366.120295383122
"Number.345",0.219935773779856,-0.00652910567941048,0.0413389514187141,-375.454560342599
"Number.346",0.216881219741502,-0.00547698895829218,0.0469543293409532,-348.109790010808
"Number.347",0.222554363345074,-0.00526624729714043,0.0394310574454189,-385.859700193395
"Number.348",0.222490303634221,-0.00806477767115783,0.0396844058942587,-384.142012377004
"Number.349",0.224537289558277,-0.00469180958729647,0.0469494056387683,-348.032298816773
"Number.350",0.220732835294393,-0.00659205507161386,0.0455291245426457,-354.574628796606
"Number.351",0.22007993611987,-0.00707775390976754,0.0474352062263512,-345.625405370741
"Number.352",0.222663637019886,-0.00699595916055187,0.0471002885953757,-347.091006367187
"Number.353",0.220586027722157,-0.00541490975420565,0.0458006716217202,-353.041933883953
"Number.354",0.222282740568009,-0.00774842719131342,0.0415517726097047,-374.429281641309
"Number.355",0.221230692612567,-0.00686454524925003,0.0457989784175953,-352.822480275744
"Number.356",0.224181809759071,-0.00803830045720626,0.0424322629885506,-369.86696305929
"Number.357",0.220317414136483,-0.00628203581347259,0.0413851930443898,-375.469901421191
"Number.358",0.215642384485214,-0.00642775565675999,0.0389692390981034,-388.127684207965
"Number.359",0.221979119008256,-0.00670538961299095,0.0387982563014807,-389.186180759414
"Number.360",0.225736425582639,-0.00815384768356503,0.0465935028151395,-349.393725759365
"Number.361",0.22188117205804,-0.00743446154974599,0.0372752759669878,-398.249053424633
"Number.362",0.220186345468977,-0.00745597901089503,0.0397869957166137,-382.721460526118
"Number.363",0.217500756794267,-0.00790151613214846,0.0428601732037444,-367.97930895436
"Number.364",0.218979975935716,-0.00793688140402286,0.0486738106199444,-340.276824523161
"Number.365",0.227427642616142,-0.00843652974775313,0.0429884291704239,-367.150547957228
"Number.366",0.222689424315547,-0.00645663825033005,0.0430041978039479,-366.651444249356
"Number.367",0.2221145238371,-0.00789196986984277,0.0429009807382175,-366.734513574855
"Number.368",0.221620993632624,-0.00506988226730896,0.0415458694854947,-374.224710338625
"Number.369",0.228027928056572,-0.0102956178457507,0.0438841656393158,-362.872616066039
"Number.370",0.222179322950752,-0.00751293379157911,0.0399210629402577,-382.863813497278
"Number.371",0.220852147769745,-0.00790013273157211,0.0404494571030321,-379.020413548792
"Number.372",0.217642109159777,-0.00638431423799873,0.0397512591853164,-383.998376493892
"Number.373",0.224262822553113,-0.00866814564954117,0.0461466916148362,-351.962113864722
"Number.374",0.225845803447381,-0.00867327225694752,0.0435435732492628,-364.062669213402
"Number.375",0.223204824892055,-0.00645904239114354,0.0470245599095954,-346.206015072476
"Number.376",0.217140645932809,-0.00649606321160517,0.0401236313331007,-382.139724440023
"Number.377",0.220097645303675,-0.00574157163061328,0.0454758090342374,-354.63775377179
"Number.378",0.219392221514236,-0.00495119638881784,0.0411159740345547,-376.467960010043
"Number.379",0.221402030094485,-0.00640658867673295,0.0452492361471646,-356.35759140464
"Number.380",0.221968996983747,-0.00584552205862864,0.0487718670779225,-340.003996132056
"Number.381",0.224109328370168,-0.00823762904145001,0.0423121109195074,-370.461407424962
"Number.382",0.21482980233783,-0.00738189990008956,0.0402229034264193,-381.104662758051
"Number.383",0.216921085855329,-0.00453566527882398,0.0437373863022827,-363.111160503251
"Number.384",0.224833026899548,-0.00924299905964627,0.0443543562886037,-360.555875705008
"Number.385",0.220536460175128,-0.00894719032454269,0.0402511990016934,-381.341105691185
"Number.386",0.218907494118306,-0.00603189502943256,0.0457621508034368,-353.778669156168
"Number.387",0.219828333012083,-0.00585713156922796,0.0461269629815603,-352.034000394478
"Number.388",0.220950518431393,-0.00428026517883898,0.046054313229358,-352.196749942672
"Number.389",0.218830014932987,-0.00556138732648887,0.0444503684890571,-359.950764063114
"Number.390",0.223596438879075,-0.00840939159379912,0.0401273213362254,-382.215872947976
"Number.391",0.21950310862338,-0.00583485516548295,0.0449751564543555,-357.210530186839
"Number.392",0.216802887558263,-0.00476526111520301,0.0389771274668902,-388.933647988708
"Number.393",0.217775563926662,-0.00502407383072385,0.0424779926126948,-369.729979634273
"Number.394",0.219254868030373,-0.00637764521272462,0.0432191416504894,-366.301993090642
"Number.395",0.221803395233545,-0.00688447800953162,0.0427966518086997,-368.549028263376
"Number.396",0.224721059778951,-0.00690658109745769,0.045271036845547,-354.433818778172
"Number.397",0.219377349813115,-0.00615767200759622,0.0402952659712447,-381.492562356153
"Number.398",0.220161412678467,-0.00797744347915275,0.0430008107326693,-367.129452443353
"Number.399",0.220536890799554,-0.00676354510532952,0.0453507345291094,-355.977667363606
"Number.400",0.217522927980203,-0.00835826267003446,0.0423476504926214,-370.110831788932
"Number.401",0.222298856770755,-0.00684295119720568,0.0438682954963992,-361.570732172194
"Number.402",0.219364384647604,-0.0081061158442619,0.0424979705130955,-369.69880368484
"Number.403",0.220211693618317,-0.00563113824914862,0.0418292166709563,-372.606589876684
"Number.404",0.22250196337231,-0.00711145630659484,0.0470881551726017,-347.144092707461
"Number.405",0.220375292228126,-0.00714674025477521,0.0457285698258193,-353.526243494138
"Number.406",0.213287509342674,-0.00477724330869419,0.0434378244288762,-364.120439302889
"Number.407",0.218552781947791,-0.00292909792508037,0.0459329846313978,-352.88660050608
"Number.408",0.217056552958131,-0.00615091717262235,0.0445885938422389,-358.939437567132
"Number.409",0.221881251434969,-0.00635747661764418,0.043503867873331,-364.685930090873
"Number.410",0.217149202444331,-0.00682011557421547,0.0417073129263743,-373.411563523256
"Number.411",0.218740727596534,-0.00558113337012617,0.0418276466245726,-373.622617014897
"Number.412",0.220554193257177,-0.00563084361942024,0.0445014652277533,-360.043513978357
"Number.413",0.219747996949345,-0.00457238972286912,0.0403393202208299,-380.875350269572
"Number.414",0.218859904838716,-0.00678465349496377,0.0434057341597237,-364.973506489144
"Number.415",0.224126649747832,-0.00736570465176693,0.0422455403488426,-370.965855615345
"Number.416",0.219793628858474,-0.00466113308691635,0.0456135848447591,-354.172764962527
"Number.417",0.218452440226166,-0.00424872452759706,0.0429630182703249,-367.270320237359
"Number.418",0.214257041897638,-0.00844646188923377,0.0354112993095176,-409.469152299589
"Number.419",0.219458923390157,-0.00358334065896889,0.0424513912106267,-369.799646450167
"Number.420",0.223151918365697,-0.00604134310826049,0.0422021225365557,-370.504468809798
"Number.421",0.219770961904258,-0.00642791594495259,0.0406022050438741,-379.542230177433
"Number.422",0.220024538173796,-0.00680280773433726,0.0417901316843372,-373.060954542152
"Number.423",0.219992574528032,-0.00500233757564154,0.0424060220870453,-370.336568642403
"Number.424",0.218498562807496,-0.00740892574989631,0.0416550278458192,-373.516901602955
"Number.425",0.219216399924362,-0.00975093306234434,0.0409361695784281,-377.272945402042
"Number.426",0.218761374006089,-0.00711059371163402,0.0412148993413491,-375.739464070543
"Number.427",0.218708798444195,-0.00792883971227543,0.0453718013877157,-355.194902605923
"Number.428",0.219158609587495,-0.00705707675481013,0.0430388965601355,-367.135950456488
"Number.429",0.219362145709002,-0.00917828500792662,0.0405017209836554,-379.591642212562
"Number.430",0.220899365281843,-0.00817904325505111,0.0394550250693144,-386.129913854148
"Number.431",0.223237622955154,-0.00513769157235765,0.0470947498237994,-347.246121809715
"Number.432",0.220982311235879,-0.00757543830346496,0.0458718719310721,-353.055126931185
"Number.433",0.21758456947447,-0.00454365148807494,0.0415986733530332,-374.36289051867
"Number.434",0.221362685018208,-0.00641928761414571,0.0430664171814067,-366.468995532135
"Number.435",0.219167176528857,-0.00529591654788976,0.0398671138815673,-383.103129324596
"Number.436",0.216903947888604,-0.00607359902364182,0.0416948519619331,-373.925851251086
"Number.437",0.220065995155554,-0.00790724325082528,0.0459759204715517,-352.840201553365
"Number.438",0.218594561610818,-0.00774973994691576,0.0432550061576424,-365.592161263534
"Number.439",0.218278492937948,-0.00374218908204367,0.0404248268992025,-380.591055960515
"Number.440",0.216788986486667,-0.00404201272669913,0.0420552063215884,-372.272808920591
"Number.441",0.223730069241397,-0.00825816122924694,0.0423647114061937,-370.551596690763
"Number.442",0.222117500221796,-0.00348671153090213,0.0464480902225387,-350.229008351258
"Number.443",0.221954605848586,-0.00600427411002035,0.0440154448294064,-361.883167544576
"Number.444",0.219665124005544,-0.00437168775754995,0.042823605919953,-368.639887127085
"Number.445",0.218105747207309,-0.0100135565739884,0.045244804762789,-355.778463053023
"Number.446",0.224772373621517,-0.008631195602117,0.0431329373865245,-366.466115616075
"Number.447",0.222993535859106,-0.00867514040696969,0.0463354113055751,-351.136071196939
"Number.448",0.221491172218906,-0.00845066792391493,0.0434652055095406,-365.253459906769
"Number.449",0.22237162504919,-0.0072658151734826,0.0420907248745514,-371.736756735555
"Number.450",0.219608735574377,-0.00670286701608359,0.0410258690014569,-377.597430180265
"Number.451",0.220734295087361,-0.00730038171967959,0.0461333704015826,-350.276768412586
"Number.452",0.21904264303155,-0.00792829064473535,0.0384940687625661,-390.493609151566
"Number.453",0.221192892087372,-0.00865216180390559,0.0413435272491552,-375.634723061775
"Number.454",0.223250259237673,-0.00842500644096597,0.0414490235630363,-375.054877129839
"Number.455",0.220959448073325,-0.00718309819776276,0.0445162347053859,-359.831707944312
"Number.456",0.221194422977199,-0.00347206941033582,0.0492909101226936,-337.76226923464
"Number.457",0.219710102422595,-0.00678981290932251,0.0413864434077213,-375.284737425048
"Number.458",0.222924319876471,-0.00706374403397421,0.0439692550555622,-362.471836960975
"Number.459",0.218851141319519,-0.00819427902610847,0.0446382720902259,-359.189907503887
"Number.460",0.222997887510448,-0.00431547449434086,0.0433738606167704,-365.327240571032
"Number.461",0.219954203069994,-0.00612392712563652,0.042717462789439,-368.785987807222
"Number.462",0.216789114502112,-0.00753909766930084,0.0392116477221301,-387.434889086351
"Number.463",0.217341573492207,-0.00720249316137858,0.0412895182942186,-375.112219668531
"Number.464",0.217333705658431,-0.00569826160896875,0.042985357780291,-367.504024265796
"Number.465",0.224716761434942,-0.00646886385407161,0.0428719749936959,-367.448311707504
"Number.466",0.218207906659872,-0.00662579620671107,0.0461237112611214,-352.18431241685
"Number.467",0.216061656314926,-0.00644775314206621,0.0431756358553446,-366.49530558927
"Number.468",0.218498688863024,-0.00516604589458315,0.0407982402613283,-378.714494933921
"Number.469",0.221771068886802,-0.00787192630691171,0.0429741633348081,-367.56738966192
"Number.470",0.224536446188141,-0.00561355576253923,0.047168007725654,-347.379171169873
"Number.471",0.222216163153021,-0.00772530258703005,0.0440393518447527,-361.071883194111
"Number.472",0.223490371201023,-0.0101525488933714,0.0429618408402274,-367.578502243755
"Number.473",0.218796954530103,-0.00817167358136596,0.0385070112665646,-391.079670426609
"Number.474",0.220445211470039,-0.00366319824095337,0.0466619449575439,-349.423252042803
"Number.475",0.222011734463057,-0.00693452534478739,0.0461817096710832,-351.555175780655
"Number.476",0.218936274258109,-0.00675809378963388,0.0424816477809332,-369.440895688908
"Number.477",0.215637655723413,-0.00555438806132619,0.0419336739632092,-372.694192916619
"Number.478",0.218093490478342,-0.00671020513461516,0.0430253425724462,-366.661186201594
"Number.479",0.224086615766646,-0.00747894415785835,0.0424221137917335,-370.521590110987
"Number.480",0.219071365679501,-0.00701635805505777,0.0399203908597189,-382.985009272083
"Number.481",0.219594170031514,-0.00639500356417838,0.0416382344877161,-374.095796660825
"Number.482",0.219052026080343,-0.00664211846751586,0.0396025236628386,-385.103649721717
"Number.483",0.222562082479992,-0.00656426336202718,0.0410391397787335,-377.921817280341
"Number.484",0.221690034220668,-0.00558361593380486,0.045940190666425,-352.800352231019
"Number.485",0.217020211450929,-0.00978211627294033,0.0408815444454221,-378.471972674174
"Number.486",0.223870919794479,-0.00958944503896806,0.0438122982173959,-363.460397999677
"Number.487",0.22217014253126,-0.00716749360628529,0.0453103554067176,-355.816602970635
"Number.488",0.222943475861492,-0.00749289095040873,0.047561739644305,-345.114042879137
"Number.489",0.216621907181257,-0.00620361460679577,0.0379108857385505,-393.518724395375
"Number.490",0.222150142556706,-0.00764926511910511,0.0412767532460077,-376.153901286641
"Number.491",0.227245441735114,-0.00964745632753512,0.0463112658847893,-350.881071249201
"Number.492",0.225095223946296,-0.00988978050783218,0.045395112248524,-356.00628051481
"Number.493",0.21926924592814,-0.00782915639107116,0.0439572184576501,-361.914942796955
"Number.494",0.219473994798543,-0.00869382301617268,0.0426906299540661,-368.363700534042
"Number.495",0.21803095293789,-0.00770058100392759,0.0445871839474642,-358.949812987452
"Number.496",0.221201203524356,-0.00701501397065805,0.0443659640798663,-360.507087111434
"Number.497",0.222308169797621,-0.00991410715831889,0.0459756463063416,-352.853774378257
"Number.498",0.221957097256143,-0.00702354303678817,0.0442943365062875,-360.595881698405
"Number.499",0.219044862373747,-0.00844580703235713,0.0434105929624877,-364.834502740228
"Number.500",0.220002775046273,-0.00580826547662099,0.0390772380187022,-387.849274444445
"Number.501",0.218358811035387,-0.00434464559561744,0.0457194066676223,-353.073048267344
"Number.502",0.219391857798435,-0.00552210793416395,0.0405929817560984,-379.452088929971
"Number.503",0.222693706111297,-0.00683391626118066,0.0420468484378754,-371.248689351929
"Number.504",0.222198722431376,-0.00674155360498231,0.0403660088789279,-380.595245833577
"Number.505",0.223482525772405,-0.00599446314259114,0.0418460404915899,-372.946378265028
"Number.506",0.221601903231569,-0.00286142145542833,0.0479538756007839,-342.936260092031
"Number.507",0.223553187950044,-0.00728598469801346,0.0386232945050737,-390.349735016747
"Number.508",0.221307546393364,-0.00873313010538575,0.0455378971588387,-354.048531871394
"Number.509",0.216816800562734,-0.00548914809817121,0.0384283280406903,-391.402133921361
"Number.510",0.224461567593215,-0.00862722698203267,0.0426483679633767,-368.844255660742
"Number.511",0.220015302345766,-0.00536530203097834,0.0449967652409566,-357.875168635938
"Number.512",0.219656745375559,-0.00385705478790022,0.0460928957858222,-351.641658138683
"Number.513",0.217931595609669,-0.00546911976339644,0.0392296441159159,-386.542440272424
"Number.514",0.223060010853374,-0.00617351992608862,0.0474458985543639,-345.974338405813
"Number.515",0.220471885647077,-0.00683229675642759,0.0444519722006623,-359.977192140406
"Number.516",0.21848678783143,-0.00800290911453573,0.0409644301452181,-377.882665844857
"Number.517",0.218722856734236,-0.0105380755709376,0.0405618805777305,-380.066225081837
"Number.518",0.215915866781803,-0.00589926023224638,0.0366832747968089,-401.024499211184
"Number.519",0.223643916447257,-0.00843085655701961,0.0456229331343343,-354.058650898399
"Number.520",0.221645359339639,-0.00769626309285722,0.0414312774234912,-375.110598087776
"Number.521",0.217918524429234,-0.00757651943187914,0.0431286094417687,-366.269946462085
"Number.522",0.21808458541954,-0.00683761414586176,0.0458101733443919,-353.229861078272
"Number.523",0.221842832411187,-0.00809420974662541,0.0472144298910841,-346.658801608992
"Number.524",0.214514074749409,-0.00438846677233271,0.0412338679791926,-376.154372221375
"Number.525",0.219530622610872,-0.00380688191244562,0.0417500501675667,-372.862741777915
"Number.526",0.226892785605193,-0.00776621680580263,0.0466981261872938,-348.855764134684
"Number.527",0.222011597510126,-0.00706814897910161,0.0407719899664913,-378.934963938674
"Number.528",0.219176833310126,-0.00734104804353679,0.0397737367533047,-383.725530741363
"Number.529",0.218922743350411,-0.00888644467314994,0.0400467389808679,-381.722936957533
"Number.530",0.216865234767881,-0.00648143987756094,0.0433121336765239,-365.58903811779
"Number.531",0.223220157956185,-0.00654777333478704,0.0434551551832373,-365.307927783404
"Number.532",0.220405052184103,-0.00685178821096542,0.040890851456878,-377.675978495115
"Number.533",0.220636811560928,-0.00887441944007381,0.0430215012046592,-367.176486366246
"Number.534",0.218453420254594,-0.00697215817144402,0.039404219936462,-385.841107266446
"Number.535",0.221728253688105,-0.00671862389014918,0.0421399672976563,-371.712664915494
"Number.536",0.218296657338065,-0.00477646438294174,0.0419116400938026,-372.903352953051
"Number.537",0.222919121416068,-0.00690373977331616,0.0449481557156052,-357.425369168679
"Number.538",0.218294232602368,-0.00660396982791567,0.0450318043022355,-356.732899071079
"Number.539",0.22056106277817,-0.00825390430008418,0.0420158813046422,-371.847179631127
"Number.540",0.221953871452818,-0.00737877103434432,0.0404859810982558,-380.387249717819
"Number.541",0.219790117566493,-0.00778516176653306,0.0424353410650296,-370.331684518394
"Number.542",0.221116668128099,-0.00543590307989774,0.0423861004347612,-369.403084781904
"Number.543",0.222341004314225,-0.00823614385357796,0.0438710992571772,-362.507630974095
"Number.544",0.225096105431977,-0.0100792406599076,0.044633280407503,-358.52920610231
"Number.545",0.220833432894973,-0.00978604131702463,0.04336216545748,-365.305255107492
"Number.546",0.217170765463026,-0.00840270165612805,0.0399012044086577,-383.591446391192
"Number.547",0.222890630338778,-0.00856733207219568,0.041394624594985,-375.01071739909
"Number.548",0.220307987970549,-0.00538611947605843,0.0443586313815716,-360.174841567335
"Number.549",0.221229684919747,-0.00639585159449031,0.0473299777263488,-346.629990739792
"Number.550",0.219203917212912,-0.00503439230928636,0.0426393568003804,-369.07847896146
"Number.551",0.220829882457334,-0.00576561338264486,0.0451160134040437,-356.561506205574
"Number.552",0.21925547590901,-0.0045826224514221,0.0428345312493105,-367.381118657953
"Number.553",0.219463850367836,-0.00748801548908411,0.0454560428274193,-355.230372445743
"Number.554",0.221639909800252,-0.0050782121638179,0.0464737837074735,-350.276281988813
"Number.555",0.218986098745511,-0.00831114392316443,0.0404681850808548,-379.946813463996
"Number.556",0.222425518302768,-0.00615384914125561,0.043292953546509,-365.353662695147
"Number.557",0.219495044230699,-0.0048440682812447,0.0436336961616779,-363.873011269616
"Number.558",0.218312288947195,-0.00823476906200262,0.0413557252991334,-375.512470083699
"Number.559",0.217250309662858,-0.00511118381720785,0.0418873427646793,-372.516217117161
"Number.560",0.221745948385696,-0.00730224530001035,0.0419975358112443,-371.70771970699
"Number.561",0.221285440413205,-0.00679443450970674,0.0414610422576222,-375.107117846652
"Number.562",0.220147061311629,-0.00696629092756089,0.0418682461077487,-372.894323218221
"Number.563",0.219819952796388,-0.00772540020740694,0.0429255780180266,-367.778024548557
"Number.564",0.223996783873461,-0.00848110418987401,0.0422892406242834,-370.698982430046
"Number.565",0.227032327266098,-0.00990251764484915,0.0394739424452541,-385.841728988633
"Number.566",0.223458525300157,-0.00800905536684703,0.0427757611801183,-368.106311052004
"Number.567",0.218506456628138,-0.00662822105961598,0.0437606401710854,-363.165792948824
"Number.568",0.222722043528414,-0.0059136013183655,0.0400585562647306,-380.845408821761
"Number.569",0.216257047387807,-0.00544256572332936,0.0429650749742027,-367.389285129978
"Number.570",0.22298060486372,-0.0057305876535456,0.0451052088836845,-357.0206667182
"Number.571",0.217917701468844,-0.00656495354071798,0.0428993785731202,-367.550769270619
"Number.572",0.221247927060199,-0.00631051763635977,0.0405485285692304,-379.117864206066
"Number.573",0.224946820827036,-0.00829790925981545,0.045155783079986,-356.896670363919
"Number.574",0.212835191439714,-0.0072732947270246,0.0452931050189498,-354.99433529649
"Number.575",0.221646531582005,-0.00842876617256185,0.0417493676775723,-373.094520363514
"Number.576",0.218830789826659,-0.00578865260466978,0.0405584968018365,-380.111039355037
"Number.577",0.21725824610094,-0.00614998540846177,0.0408667441007409,-377.41968163741
"Number.578",0.224159417132303,-0.00696466715056748,0.0444233136860232,-360.095788403752
"Number.579",0.220806492904043,-0.00344523915775241,0.0431909102052679,-366.218960283543
"Number.580",0.218426130329263,-0.00587115037281099,0.0418902389376439,-373.233766921188
"Number.581",0.222984024962781,-0.00637804529486817,0.0428747151369005,-367.865251198285
"Number.582",0.21843293421953,-0.00415510266118589,0.042028236591445,-371.829820489998
"Number.583",0.217527072032631,-0.00660926713795541,0.0401034797431841,-382.066490468074
"Number.584",0.225043461744014,-0.0103952933998691,0.0426428519873673,-368.594115639821
"Number.585",0.216464523411505,-0.00816633849624946,0.0390638750596199,-387.701645782803
"Number.586",0.22564487603726,-0.00528461997507492,0.0432753195067472,-365.174577275727
"Number.587",0.223135974170665,-0.0109303040438549,0.0423624420137119,-370.015956029146
"Number.588",0.218052377488446,-0.00762385410919404,0.0470655827884139,-347.031851468758
"Number.589",0.220588699462105,-0.00682706320032054,0.0419068628935772,-372.65831758924
"Number.590",0.223964181489146,-0.00903565945151368,0.0412924521736088,-375.734017821381
"Number.591",0.221309656178549,-0.00716281074588027,0.0437814334741926,-363.119450986751
"Number.592",0.220955220690015,-0.00645077324479308,0.0450316495332971,-356.810723334572
"Number.593",0.223884003766637,-0.00649909687752352,0.0486691958937547,-340.282123981888
"Number.594",0.218562000911885,-0.00458247034783415,0.0406772585474586,-379.521024491323
"Number.595",0.218958270602455,-0.00635463941701206,0.0453896816615395,-355.974678028677
"Number.596",0.223229242109749,-0.00654224114970967,0.0440835601464688,-361.657446942111
"Number.597",0.221172652540685,-0.00859764059772745,0.0408251791158272,-378.50574537172
"Number.598",0.223057522402856,-0.0071661112004006,0.0458001521662579,-353.751241577765
"Number.599",0.222733097896753,-0.00786036830762464,0.0424775805485149,-369.856906707807
"Number.600",0.222916687410773,-0.00896572616560698,0.0389730939833353,-388.682773349662
"Number.601",0.217337692481427,-0.00635399519366309,0.0421308970271704,-371.461746335644
"Number.602",0.221526484432445,-0.00736112727542432,0.0436490488805151,-364.272225929554
"Number.603",0.216662006145392,-0.00376599706129229,0.0386260466189471,-390.299437921456
"Number.604",0.225162294820011,-0.00671766067363996,0.0440200435172915,-361.758628311646
"Number.605",0.224693148070794,-0.00623991813057717,0.0461727694589617,-351.449500587174
"Number.606",0.220910154337143,-0.004856100687147,0.044230592939356,-360.985143237857
"Number.607",0.220001476968367,-0.00509567406073182,0.0426600333096634,-369.019865235459
"Number.608",0.22663746434382,-0.00734067199228665,0.0421606562870022,-369.652655571108
"Number.609",0.22264006476402,-0.00708903766036864,0.0446489126561344,-358.500893309778
"Number.610",0.220401130916609,-0.00715201725875089,0.0403920367847999,-380.977063562805
"Number.611",0.224215669171046,-0.00656080595397429,0.0428509192940128,-367.920030475985
"Number.612",0.217486962869271,-0.00549164004117516,0.0415149977216831,-374.812232635899
"Number.613",0.213845403205247,-0.00426867311050628,0.0439731157185633,-362.285470878614
"Number.614",0.21915462774201,-0.00719271825533931,0.0396650030033645,-384.087699799006
"Number.615",0.217926057471486,-0.0054938360838824,0.0450358607916204,-357.225020006422
"Number.616",0.216012467950903,-0.00522828146724063,0.0426996565813577,-368.414923925521
"Number.617",0.218018729053279,-0.00606895544243849,0.0422082249150965,-371.040176599419
"Number.618",0.221054844647015,-0.00607044828724914,0.0423214065056737,-370.309097349875
"Number.619",0.220261885497924,-0.00459051082994568,0.0438103000539002,-362.896997068379
"Number.620",0.219469429141767,-0.00743290010751171,0.0446463996637994,-359.044882801663
"Number.621",0.222399789502788,-0.00690247720799594,0.042436949213612,-369.982301430895
"Number.622",0.217263918626317,-0.00918145174749289,0.0396816102139324,-384.768057361316
"Number.623",0.222197843325167,-0.00664702335437567,0.0451684312110793,-355.650928273117
"Number.624",0.219216849205454,-0.00878829035726193,0.0416591781148008,-374.234967939567
"Number.625",0.22494893501225,-0.00841167964332065,0.0422976754217548,-370.970091417485
"Number.626",0.222058936668081,-0.0068560125289615,0.0408696738202892,-377.713761404354
"Number.627",0.222673186039916,-0.00503247510737605,0.0440425751264875,-360.766706936301
"Number.628",0.222410894265948,-0.0082311769027366,0.0427808763088469,-368.123031588676
"Number.629",0.217445524413128,-0.00683319761862004,0.0445460054766241,-359.063140979768
"Number.630",0.223949252774532,-0.00832295036834826,0.0452238094141395,-356.24579440405
"Number.631",0.21545734609789,-0.00629790427789646,0.0405161871494195,-379.918156258233
"Number.632",0.216597607543885,-0.0043344335019419,0.0452241646919561,-356.291581509899
"Number.633",0.222511791895284,-0.00820304474847824,0.044515246821805,-360.019138527181
"Number.634",0.219293055522621,-0.00644219550179875,0.0463468235635339,-350.914509833633
"Number.635",0.221820674474779,-0.00506668163693405,0.0418118076984434,-372.727053302075
"Number.636",0.223766681195655,-0.00865626136975232,0.0458639924215661,-353.385877814507
"Number.637",0.222556351250021,-0.00755173717759042,0.0452696658687115,-356.201395775727
"Number.638",0.217957284144881,-0.00633845139500979,0.04052901301289,-378.956250999226
"Number.639",0.221991773429517,-0.00565857415987914,0.0432593736952145,-365.924999455181
"Number.640",0.216329565464408,-0.00579817923817038,0.038152620768688,-392.525361355374
"Number.641",0.224687839276043,-0.00868751054218095,0.0458172996004659,-353.840238257162
"Number.642",0.218040169722948,-0.0045389609469049,0.0410238359624801,-377.542133039343
"Number.643",0.225166018585192,-0.00753493492419623,0.0489205910558535,-337.917997597031
"Number.644",0.220646116460501,-0.00952571978419782,0.0454902660605442,-354.660406404641
"Number.645",0.220392200772177,-0.00615944003122976,0.043399599808198,-364.713952248656
"Number.646",0.221353909363082,-0.00724230460002351,0.0462025632742755,-350.306192436815
"Number.647",0.218676813116198,-0.00585025403227168,0.0472857652508454,-346.113510592196
"Number.648",0.219350057577718,-0.011678184599684,0.0406555869713738,-379.157904481773
"Number.649",0.215940020455965,-0.00576460789944754,0.0430180478802209,-367.088903137978
"Number.650",0.220050000163518,-0.00542148254239428,0.0471096501645168,-347.137388275053
"Number.651",0.220336091141599,-0.00503089510439788,0.0457250175570463,-352.749228955446
"Number.652",0.222781798017815,-0.00483150536716716,0.0431793405760757,-366.041812273961
"Number.653",0.220736478948517,-0.00789621789970239,0.0406089438031785,-379.531795267684
"Number.654",0.217650685547549,-0.00686278549367047,0.0448080447219716,-358.111619851173
"Number.655",0.226235593113688,-0.00715724940994378,0.0428716477212514,-367.748418484261
"Number.656",0.222519611920491,-0.00536918879734721,0.0485888381137167,-340.903512859441
"Number.657",0.218262405265301,-0.0081239210255546,0.0440807994291943,-361.685452760164
"Number.658",0.21923238193852,-0.00778586905863964,0.0392887222714022,-386.463100997076
"Number.659",0.219947112575475,-0.00809842975083686,0.0417993247492847,-373.141351754952
"Number.660",0.222506795098694,-0.00527075630658051,0.0422047153665294,-371.152125894349
"Number.661",0.225421326816618,-0.00928134701870276,0.0450429335228305,-355.976899584061
"Number.662",0.223017120574266,-0.00579419528355673,0.0434650676576868,-364.501607183335
"Number.663",0.218385600938214,-0.00894028196729981,0.0425451703089063,-369.416898562359
"Number.664",0.21998832484232,-0.00653918006010049,0.0423855043867883,-369.554021788118
"Number.665",0.221488703967875,-0.00684422066144794,0.0437249922603971,-363.352211079638
"Number.666",0.223658651372146,-0.00690240483271524,0.0406464815893468,-379.017366078966
"Number.667",0.219609426317089,-0.00496804815715022,0.0399003781552609,-383.553918950224
"Number.668",0.221961294407569,-0.00530167681130681,0.040465461470665,-380.661134732223
"Number.669",0.22076270608187,-0.00936801045947836,0.0383773986413103,-391.889023242468
"Number.670",0.224313521379023,-0.00909528271913077,0.04467667814595,-358.673313624196
"Number.671",0.227954366150467,-0.0076638271166306,0.0425316968905685,-369.366808251165
"Number.672",0.22241520403497,-0.00655371157750727,0.041830084588939,-372.74143966903
"Number.673",0.220133998851573,-0.00510263731078811,0.0402482187057856,-381.505247869709
"Number.674",0.224162108272209,-0.00828133128555922,0.042906802040038,-366.822164292651
"Number.675",0.222761248969093,-0.00643344012433044,0.045220915583782,-356.109364681694
"Number.676",0.221230460528076,-0.00583152264382627,0.0461129542388705,-352.052305488406
"Number.677",0.222021662820417,-0.00826631182016068,0.0440593246703988,-361.986006777345
"Number.678",0.221249455028727,-0.00630083266715179,0.0389042286087731,-389.167071439913
"Number.679",0.216331657536965,-0.00451127379539238,0.0393356242298382,-386.563021329746
"Number.680",0.219412944912765,-0.00708449153799841,0.0454884883619847,-354.86232720687
"Number.681",0.22001669599866,-0.00743488681704997,0.0442843979412261,-360.943792948192
"Number.682",0.221055164030476,-0.00722979025512569,0.0425188595852482,-369.251436450124
"Number.683",0.221205798990983,-0.00629413036325387,0.0418479325511027,-373.369053678938
"Number.684",0.221689547243393,-0.00541873112731846,0.0444682395687385,-359.641874617659
"Number.685",0.220564626997425,-0.00600930828477299,0.0458982462277967,-352.750923022376
"Number.686",0.221064638185765,-0.00671506915359698,0.0385966238827533,-389.999729432372
"Number.687",0.224824604387087,-0.00619800944245855,0.0466425800686719,-350.09553930002
"Number.688",0.219592784154303,-0.00499363883822039,0.0438123480970986,-362.899500596217
"Number.689",0.216166451985651,-0.00670906576148302,0.0397091536266899,-384.214370989091
"Number.690",0.221393829953246,-0.00443971566818657,0.0428645496467016,-367.26498954738
"Number.691",0.223534679557667,-0.00808654757301761,0.0435116927638287,-364.389739391385
"Number.692",0.218141457272144,-0.00406557972171697,0.041576628826782,-375.019040708979
"Number.693",0.216464882375901,-0.00530310361297387,0.0443435019458509,-360.599910422983
"Number.694",0.219627790602986,-0.00584836036550386,0.0435902021586454,-364.220438173452
"Number.695",0.221363943060038,-0.00759250423327207,0.040968942574385,-377.535528575654
"Number.696",0.216276173570849,-0.00649579683333104,0.0421729775193353,-371.251639408403
"Number.697",0.222772903914549,-0.00504715833037105,0.0430599734655825,-366.504609445262
"Number.698",0.223941174907632,-0.00651581975020814,0.0477883905986418,-344.50944054918
"Number.699",0.221105531950468,-0.00611074594090884,0.041138214025439,-376.831140918583
"Number.700",0.221353854380984,-0.00649401371368412,0.0425299790982565,-369.096475088859
"Number.701",0.220083942735606,-0.00954474057299222,0.0414664152630187,-374.794417820886
"Number.702",0.221747776994008,-0.00663891493999937,0.0426970479262163,-369.020700125662
"Number.703",0.218414135235127,-0.00514169722934753,0.0432515707001342,-365.712291797418
"Number.704",0.216078078143235,-0.0081159339363293,0.040410071071188,-380.620494273269
"Number.705",0.217146297276061,-0.00567639287024493,0.042178111393597,-370.776999056922
"Number.706",0.217613860914291,-0.00827011499477193,0.0411869017179209,-376.43390526645
"Number.707",0.218160957664342,-0.00260721877463779,0.0419664358202321,-372.251721308347
"Number.708",0.221759274555795,-0.00501828649332288,0.0472943984130999,-346.348781440707
"Number.709",0.221018664758284,-0.00899421235092316,0.0439687264655356,-362.366849261687
"Number.710",0.214071478448493,-0.00539960031318173,0.0411688451800046,-376.248440737465
"Number.711",0.220086870835906,-0.00571499910529261,0.0464051201116373,-350.426442566098
"Number.712",0.223975552153129,-0.00671367540887936,0.0443614012217064,-360.455163107872
"Number.713",0.226578860743853,-0.00684517579274443,0.0473495945534721,-346.491978160909
"Number.714",0.215967677799899,-0.00746619095021863,0.0436126693590268,-363.2170919161
"Number.715",0.213729555763184,-0.00820205125184465,0.0435975913373136,-364.221143810871
"Number.716",0.222375147795497,-0.00713932651658838,0.0440389623057278,-361.821271163691
"Number.717",0.220022618789638,-0.00563178440778444,0.0455365336704317,-355.045250505461
"Number.718",0.218454287814575,-0.00678530099390521,0.0434205056951857,-364.884586358785
"Number.719",0.218417960104894,-0.00691523023552319,0.0449273589472433,-357.35569315208
"Number.720",0.224300105629362,-0.00779565504284794,0.0445222312626392,-359.567417708691
"Number.721",0.220000787266915,-0.00481641372912456,0.0427910498706842,-367.81950691864
"Number.722",0.218314918392198,-0.0047295564558118,0.0442581230267124,-360.818090099425
"Number.723",0.21914286650704,-0.00526532586677971,0.0437733432705271,-362.932613936434
"Number.724",0.220754765566183,-0.00743496865657966,0.0447818568456543,-358.165254989563
"Number.725",0.220612141194584,-0.00645865809693125,0.0417182194889797,-374.07842442836
"Number.726",0.218510748105773,-0.00644157750534097,0.0428060469994932,-368.141330824719
"Number.727",0.221072242474705,-0.00592899248601488,0.0459656551519293,-352.371377052117
"Number.728",0.219406930356429,-0.00640842540491485,0.0406917427363794,-379.10891522219
"Number.729",0.222147771327054,-0.00665683134657863,0.046332664763954,-350.533558195532
"Number.730",0.226002894186524,-0.0086820275222871,0.0406567828556252,-379.167454830253
"Number.731",0.22144239435442,-0.0054897825423079,0.0443090723287448,-361.184554742098
"Number.732",0.220893861595592,-0.0111846402030857,0.0426266983848048,-369.335917733554
"Number.733",0.218686432157595,-0.00831278380708352,0.0407907101299738,-377.887255401388
"Number.734",0.216720273147923,-0.00729802746297849,0.0386724290506175,-390.425533768292
"Number.735",0.227857128109492,-0.00995847037490582,0.0476797173160853,-344.51326717946
"Number.736",0.22200484846485,-0.00801086930432807,0.0406358547568513,-378.754187154411
"Number.737",0.216451693761336,-0.00522827930983161,0.0429575665702571,-367.145521718781
"Number.738",0.220021796684612,-0.00464732228816885,0.0418537527337944,-373.418279277911
"Number.739",0.226967147139679,-0.0086979982209139,0.0482959808010942,-341.512541106032
"Number.740",0.220152090987033,-0.00663593784754368,0.0418384572808195,-372.529334606768
"Number.741",0.223746038511226,-0.00806040344167658,0.0450429564839245,-356.381620721524
"Number.742",0.223507729067919,-0.00479385185907407,0.0453561782089851,-355.73270619287
"Number.743",0.218327538339609,-0.00537175775767611,0.042386503521941,-369.956986301297
"Number.744",0.222826220823209,-0.00585395537338355,0.0455579419932582,-354.673039535762
"Number.745",0.220168019721355,-0.00572359585810457,0.0469846757794981,-347.769851946682
"Number.746",0.219964100155795,-0.00527093806368899,0.0456173276240052,-355.014517751948
"Number.747",0.221060857950935,-0.00938180918708163,0.041258139365097,-376.320587046753
"Number.748",0.219102714298994,-0.00450749920408733,0.044138226720089,-361.859593573678
"Number.749",0.221849374716636,-0.00664997306312499,0.0451953709381479,-356.448731012408
"Number.750",0.22168769939771,-0.00609587501668365,0.0469418088759755,-348.021547824625
"Number.751",0.21951866630048,-0.00858047860052273,0.0422583137192704,-370.99398792324
"Number.752",0.224876436142488,-0.00810344507321147,0.0447141296813924,-359.095256713825
"Number.753",0.219561910849277,-0.004555303992399,0.0435054155007146,-365.017523083976
"Number.754",0.22313077002702,-0.00874926715723012,0.0436694573598454,-362.921775322027
"Number.755",0.226921634728771,-0.00568635074507988,0.0456813953513537,-354.121422109077
"Number.756",0.222591556719426,-0.00790465255896364,0.0457928447132152,-352.977099759556
"Number.757",0.219257298106466,-0.00600802096303027,0.0432598146848286,-365.052750396219
"Number.758",0.224200454836265,-0.00572439173113928,0.0447607161998228,-358.753320855799
"Number.759",0.21715205011788,-0.00528784027972888,0.0456462985177083,-353.780163546395
"Number.760",0.221920251761883,-0.00448649141550764,0.041709894443748,-373.600198413734
"Number.761",0.222325149688959,-0.00801482914357901,0.045239939823183,-355.514954170386
"Number.762",0.222994512882095,-0.00656773464167233,0.0399203520449668,-383.480298879185
"Number.763",0.218278085910479,-0.00640743313362667,0.038955414756344,-388.145529997155
"Number.764",0.223118166972562,-0.00604770336639713,0.0494175004077001,-336.61924234483
"Number.765",0.223269688910407,-0.00800992802638765,0.0413770503121704,-375.758569449711
"Number.766",0.218333308441299,-0.00756462199173398,0.0433278541457339,-365.105603009972
"Number.767",0.213375565652385,-0.00582684630114624,0.0425524202925827,-369.110081630909
"Number.768",0.221757602427381,-0.00632634907815446,0.042588251970835,-369.235047011448
"Number.769",0.222385977470423,-0.00494168597286797,0.0452102998984825,-356.41320194412
"Number.770",0.219462284782924,-0.00473980832501783,0.044943307108815,-357.066311811844
"Number.771",0.218334396628868,-0.00455437315509771,0.0434019289018566,-365.341559037079
"Number.772",0.225352775587936,-0.00700952255692121,0.0449903185105493,-357.592418327863
"Number.773",0.21818541193016,-0.00661140301854496,0.040887705438087,-377.707628750112
"Number.774",0.220408645191932,-0.00642546083322059,0.0425380060800345,-369.331076031392
"Number.775",0.216396504191211,-0.00518032556431876,0.0412204478579075,-375.543674688825
"Number.776",0.22535938770845,-0.00632491158341459,0.0435240381514896,-364.772292218064
"Number.777",0.218676436363038,-0.00687961923742409,0.039847047359952,-383.300297054424
"Number.778",0.221203897189312,-0.00722134101076401,0.0426397264065672,-369.16429747225
"Number.779",0.228895927336232,-0.00649776810438699,0.0508633334594766,-330.033985013732
"Number.780",0.220287528109401,-0.00556925630096916,0.0417785427250114,-373.034121929074
"Number.781",0.22447815937234,-0.00861817618935703,0.0466839643041221,-349.121632284924
"Number.782",0.2201504074751,-0.00589810035814018,0.0433601795390788,-365.301373184502
"Number.783",0.213138139145993,-0.00517675014395876,0.04033857536703,-381.081086280328
"Number.784",0.224879931921825,-0.0070515425431606,0.0411007436941795,-376.069183986647
"Number.785",0.215552026631788,-0.00499983013682264,0.0447878081578088,-357.909314275158
"Number.786",0.218740670649573,-0.00653425396774871,0.0396609252549088,-384.670026080888
"Number.787",0.221214901623942,-0.00715952080557931,0.0412964562776341,-375.042448213368
"Number.788",0.223235899845125,-0.00890941674285122,0.0447043203851517,-358.788915164798
"Number.789",0.222965314290955,-0.00799859691487695,0.0418840276794629,-372.475362714751
"Number.790",0.218410611995163,-0.00539635012651609,0.0412282380905768,-376.192861923841
"Number.791",0.220085490273653,-0.00513874306534854,0.0401039262146002,-382.373039506323
"Number.792",0.219157384740405,-0.00853207129986169,0.0390208631296612,-387.816658549192
"Number.793",0.222073494061786,-0.00510964655366187,0.0455499214907469,-354.409133477557
"Number.794",0.221454895284251,-0.00579280667529785,0.0437801923445054,-363.212282599643
"Number.795",0.221503596072461,-0.00900192481640302,0.0439159927097008,-362.209208210535
"Number.796",0.221880968952493,-0.0066711262915656,0.0484696734869269,-341.191945492231
"Number.797",0.221885820264718,-0.0042332738031101,0.0455799081365632,-354.792378636873
"Number.798",0.222701409905295,-0.0056484022915032,0.0459809925615541,-352.377852959515
"Number.799",0.219786194618256,-0.00589973018542444,0.0455920612088949,-353.708683957891
"Number.800",0.216468632058294,-0.00667567893082737,0.0426160930223798,-368.687395755215
"Number.801",0.217472743895609,-0.00339347447897865,0.0437846386286359,-363.614786383216
"Number.802",0.217428143735811,-0.00541226381881947,0.040247762188823,-381.763062969529
"Number.803",0.218130068431965,-0.00532755868979644,0.0423488946103123,-370.100566095101
"Number.804",0.216396636432334,-0.00832683015592115,0.0423151388420051,-370.71215787181
"Number.805",0.220150262918866,-0.00599701623730193,0.0461627649797741,-352.175717757969
"Number.806",0.221921113232115,-0.0101618750165017,0.0395929251799342,-384.69398687893
"Number.807",0.220118016408687,-0.00715834823232413,0.0427563919909009,-367.510590208522
"Number.808",0.220922657427134,-0.00373842877144409,0.0444189784742291,-360.337733429735
"Number.809",0.22138362353528,-0.00995762431450434,0.0390934098864229,-387.817783542303
"Number.810",0.220903127829739,-0.00706066707778927,0.0459824931253883,-352.351234358066
"Number.811",0.221982844089987,-0.00657415543105159,0.0452849242371575,-355.28090427839
"Number.812",0.218259891957921,-0.00875305422577967,0.04578703657247,-353.747588423555
"Number.813",0.216458014832002,-0.00820332981472776,0.040698567944465,-378.564691791232
"Number.814",0.219791613017345,-0.00875295942617876,0.0389602327495257,-388.900309704421
"Number.815",0.221795611783327,-0.00592555805507584,0.05018173043509,-333.782521596423
"Number.816",0.219448619937025,-0.00810425321221218,0.0434547862892586,-364.382376651189
"Number.817",0.222658135554856,-0.00409695378393042,0.048542957790619,-340.024419124909
"Number.818",0.222627736741626,-0.00544257866976436,0.0439056006997782,-362.304576826603
"Number.819",0.219833891356153,-0.00718167704497422,0.0419013000915873,-372.870775736971
"Number.820",0.223724743151829,-0.00599175417277975,0.0435726487859431,-364.098208398315
"Number.821",0.219981187468349,-0.00770722853311519,0.0430017793585484,-367.052456764203
"Number.822",0.218977746865374,-0.00562771662154237,0.0435762051292751,-364.30456243962
"Number.823",0.223734474498159,-0.0056577123939466,0.049523278093773,-336.752820843941
"Number.824",0.220405937145973,-0.0076359304149175,0.0443069336683419,-360.917106946999
"Number.825",0.221183146688287,-0.00855918246350351,0.0447507446112231,-358.356366912148
"Number.826",0.22272373419095,-0.00711638449652243,0.0474914921554072,-345.816213908233
"Number.827",0.215847254973656,-0.00463558997679075,0.0404077698756485,-381.035924180626
"Number.828",0.221735501009817,-0.00598761512583919,0.0462237629433923,-351.791642458028
"Number.829",0.218194105942651,-0.00375249608664691,0.0412225244903763,-376.490466186363
"Number.830",0.217328453457749,-0.00597154681120988,0.0446820578275408,-358.90862828153
"Number.831",0.221585835255807,-0.0065255743945953,0.0419717251781273,-371.902769811603
"Number.832",0.222513626892656,-0.00684659234188901,0.0417628993779926,-373.307016077209
"Number.833",0.219585637966679,-0.00834745207081008,0.0447109374244092,-358.327338983617
"Number.834",0.221217499272116,-0.0074383087319941,0.0431383850290526,-366.337323578931
"Number.835",0.222029169196186,-0.00943219057235596,0.038467762672616,-391.094160738104
"Number.836",0.219630002303158,-0.00513360576492326,0.0441322073583555,-361.52373595525
"Number.837",0.217177201600792,-0.0048733381570393,0.0439606584707543,-361.986096358922
"Number.838",0.225320928936208,-0.00897151117784007,0.0430415157516858,-366.657429053786
"Number.839",0.22146473672035,-0.00731323606485202,0.0425806112896244,-369.356549299828
"Number.840",0.218742101587012,-0.00574730692551056,0.0402490572231413,-381.116648291737
"Number.841",0.220242048694237,-0.00405613924462444,0.0451397686344887,-356.598671036466
"Number.842",0.221202837875329,-0.00879705775476856,0.0412694321341568,-373.706795861055
"Number.843",0.222984536916673,-0.00588619616596796,0.0437194873370631,-363.363986646291
"Number.844",0.218202481207131,-0.00715154295888307,0.0449801861538136,-357.296819280124
"Number.845",0.220434659271795,-0.00571619743163212,0.0412995219818718,-375.738365669568
"Number.846",0.220603011456581,-0.00497215986915478,0.0442926105214178,-360.786900248938
"Number.847",0.21827741073093,-0.00665020601027379,0.0407919262931146,-378.517603663406
"Number.848",0.219504478516514,-0.00720046645665466,0.0454225949720863,-355.914235942308
"Number.849",0.220819876151775,-0.00597532426463869,0.0401824588525868,-381.703418094132
"Number.850",0.2152127083773,-0.00576243875385308,0.0428787778451609,-367.574333380745
"Number.851",0.225282175045452,-0.00752101151771151,0.0429349095238369,-366.883679215998
"Number.852",0.223083593998976,-0.00860015266831419,0.0443389171084823,-360.788862454244
"Number.853",0.223535952807077,-0.00864936923212605,0.0431105198969873,-366.923275916789
"Number.854",0.221664020126025,-0.00842266171125952,0.0402591739257668,-381.582236127585
"Number.855",0.223070336872695,-0.00581889493380223,0.0472335527703567,-346.516321345469
"Number.856",0.223276418835386,-0.00740621115549484,0.0437474985989853,-363.300036209813
"Number.857",0.218475208617478,-0.00543745223689194,0.0443423956420115,-360.577703487247
"Number.858",0.217797352077117,-0.00432441265429234,0.0456348841072415,-354.515217636433
"Number.859",0.215935253842534,-0.00592836804784114,0.0397428733106388,-383.856553175435
"Number.860",0.219696903363304,-0.0063698350432485,0.0420149227528242,-372.351891300024
"Number.861",0.223166582545754,-0.00795674683766858,0.0438391232683054,-363.102803626833
"Number.862",0.220905722172709,-0.00735466438912025,0.0433026853645984,-366.058384188954
"Number.863",0.225041399044413,-0.00936960466195891,0.0465164807945881,-349.594550920022
"Number.864",0.22317205262149,-0.00462857041121021,0.048053859505952,-343.158179617273
"Number.865",0.21900892030146,-0.00578556246204267,0.0446988574003913,-358.806434788999
"Number.866",0.218541021267738,-0.00570711600928125,0.0417739591309871,-373.827903232107
"Number.867",0.220597762695428,-0.00646428876494313,0.0418044706962125,-372.284540546626
"Number.868",0.221294173900333,-0.00753842432430532,0.0438422752674594,-362.307561379123
"Number.869",0.222900692845599,-0.00557013096155511,0.0450624681813305,-356.105746978409
"Number.870",0.221482521040406,-0.00605531201179381,0.0379331700311921,-393.932345371291
"Number.871",0.226596606021838,-0.00863359761446029,0.0452913242843093,-355.832528611382
"Number.872",0.222872557753988,-0.00570128409004056,0.0445929793297977,-359.287316760522
"Number.873",0.220299407871802,-0.00881886570231424,0.0429204181992788,-367.409876620822
"Number.874",0.221017341088181,-0.00567064004559519,0.045044137799885,-356.463071375572
"Number.875",0.224441849176322,-0.00767083389097447,0.0455164497301827,-355.242427658583
"Number.876",0.222979672915187,-0.00877285335664828,0.0446947274492303,-358.519892216875
"Number.877",0.219145775563256,-0.00530124075185453,0.0402595432273891,-380.818805782401
"Number.878",0.223163378048273,-0.00812237171172161,0.0401003859863696,-380.822293452535
"Number.879",0.216662991960599,-0.00618497024433855,0.0414467255254982,-374.864741487676
"Number.880",0.222859452578875,-0.00934340632108871,0.0406994666733524,-378.673818524106
"Number.881",0.218085438611568,-0.00666571292552983,0.0435441410027937,-364.39107033566
"Number.882",0.228782089272031,-0.00813574197741718,0.0479881831529163,-344.107412524273
"Number.883",0.219414180163725,-0.00622098539830098,0.043130786126948,-366.345871744114
"Number.884",0.22047043302684,-0.00465382597876585,0.0422871371439211,-370.09340685699
"Number.885",0.220706674888502,-0.00668305887347713,0.0469550265093546,-347.281016256906
"Number.886",0.218685018380743,-0.00443284790519325,0.0438531040665614,-362.302287530097
"Number.887",0.220633866770195,-0.00556691531131641,0.0443576925888339,-360.197148278502
"Number.888",0.224439173389762,-0.00637605800943348,0.0481156958623739,-341.967762745751
"Number.889",0.225099634276678,-0.00629291170093461,0.0418837132357436,-372.964119451332
"Number.890",0.225819167683356,-0.00646223330824322,0.0428240433897401,-368.101351696411
"Number.891",0.220457639698655,-0.00685033460355384,0.0462612166324545,-351.917653798234
"Number.892",0.222563827929582,-0.0061366294474169,0.0446377165887589,-358.656011283401
"Number.893",0.215901116154709,-0.00640604245655213,0.0447850110278452,-357.37755779596
"Number.894",0.221539228132112,-0.00754648492272629,0.044162697051534,-361.660771615615
"Number.895",0.224858627616178,-0.00798787757661171,0.0412147900525279,-375.820105738845
"Number.896",0.224106527455072,-0.0108538098120816,0.0419405650789066,-372.423683428178
"Number.897",0.224801228464721,-0.00701786966005935,0.0415488215833285,-375.057094248507
"Number.898",0.219298888795621,-0.00786655302688764,0.0432679078110942,-365.893066030447
"Number.899",0.222195070420769,-0.00668054717160842,0.0430297090497644,-366.603231404988
"Number.900",0.223035520482222,-0.00854798053588209,0.0403949949580345,-380.477106655593
"Number.901",0.223083630524527,-0.00794846335285926,0.0452579618047688,-356.006563586947
"Number.902",0.21624788040041,-0.00683210529617608,0.0427567561963296,-368.322756835981
"Number.903",0.219970570239695,-0.00538850734802453,0.0497557967672941,-335.749637324325
"Number.904",0.219284200480264,-0.00665880399718822,0.0425017222231121,-369.869196709436
"Number.905",0.225496380879395,-0.00721361615897922,0.0416964105530098,-373.27714316042
"Number.906",0.224899701901838,-0.00470181160124788,0.0483283473723938,-341.991290819415
"Number.907",0.22254035099774,-0.00740603340210425,0.0399135508744406,-383.719354557857
"Number.908",0.225248225114448,-0.006632305327097,0.0426765865149373,-368.251770105182
"Number.909",0.223624992461712,-0.00788854615354141,0.0441611374931369,-361.712003625122
"Number.910",0.224998546952051,-0.00762037477225564,0.0477655944766907,-344.774356562253
"Number.911",0.219974024048934,-0.00814300533660285,0.0407816544291401,-378.211507941465
"Number.912",0.221225581143559,-0.00521956714996171,0.0457940485438895,-353.360606858975
"Number.913",0.219060636521646,-0.00607545216331337,0.0440757570713814,-361.376757490302
"Number.914",0.215528767609913,-0.00719759643702086,0.0415594939298853,-374.701487104305
"Number.915",0.218125097020596,-0.00564586881687145,0.0433796805988883,-364.526316975448
"Number.916",0.219436201590754,-0.00755582391384901,0.0402738517197625,-381.346250554642
"Number.917",0.223416019693332,-0.00765377397851379,0.0429115934783822,-367.498759069904
"Number.918",0.221510343055002,-0.00700379651536789,0.0404679932216171,-380.485050339888
"Number.919",0.220788361272816,-0.00231271465976442,0.0486306753988326,-340.830125143105
"Number.920",0.215658051240031,-0.00682309853897242,0.0452577298130853,-356.20283130295
"Number.921",0.218412981423025,-0.00773258153081809,0.0389611246761555,-388.481976335443
"Number.922",0.22416121709949,-0.00817545466519262,0.0395448663785579,-385.523485050367
"Number.923",0.22189230854661,-0.00651039605808976,0.0447111101261018,-358.955002411387
"Number.924",0.217000780858884,-0.00855635728439166,0.0424534262665091,-369.837374765862
"Number.925",0.225171441472928,-0.00677550459530206,0.0452778641780534,-356.166022931655
"Number.926",0.221669608255465,-0.00808213523990685,0.0414710084305018,-374.813211830264
"Number.927",0.218017242635733,-0.00623929925605742,0.0409420665126608,-377.675548933594
"Number.928",0.222287074030329,-0.00802752547263976,0.0453610368361843,-353.406922456433
"Number.929",0.217083115895049,-0.00894741301179891,0.0407748948663116,-378.745618891464
"Number.930",0.217432146624058,-0.00772516410452697,0.0402391309878543,-381.842499048087
"Number.931",0.224443073872412,-0.00594540524519026,0.043518543811104,-364.180124887794
"Number.932",0.222108250677271,-0.00424809770614142,0.0456866462506164,-354.032500326281
"Number.933",0.221247005607058,-0.00634217861382024,0.043401956163161,-363.780643119699
"Number.934",0.223819775817127,-0.00947361520118773,0.038902664920479,-388.918889745003
"Number.935",0.216710886482306,-0.00769782223063026,0.0392820641898385,-386.224323426105
"Number.936",0.2212646100913,-0.00493392880139964,0.0439376250429448,-362.723992053013
"Number.937",0.219600918072921,-0.00645096350478846,0.0454453580107552,-354.083741631318
"Number.938",0.220462937588913,-0.00856310657015575,0.0430550858073877,-366.779251786277
"Number.939",0.220224489757448,-0.00603900059206311,0.0404237144016285,-379.949989181855
"Number.940",0.216727902999455,-0.00516010464502894,0.037793136096754,-395.383274283883
"Number.941",0.220372748978829,-0.00749125117214743,0.0403973198445998,-380.156640646776
"Number.942",0.221493128077056,-0.00532940637544376,0.0438175777634024,-363.146651830495
"Number.943",0.223156585814725,-0.00859370094218022,0.0401984207951299,-381.563064999872
"Number.944",0.217519747250392,-0.00609613487710913,0.0426739040651175,-368.471741160789
"Number.945",0.223729737748328,-0.00712558421005383,0.0428907854163909,-367.838754337658
"Number.946",0.219882269113946,-0.00470881036108958,0.0449680059006673,-357.219824050857
"Number.947",0.220620548434594,-0.00747581649617195,0.0405428652123958,-378.527686433236
"Number.948",0.221275160961151,-0.00851288477539612,0.0394247177583146,-385.35291500597
"Number.949",0.220042949538994,-0.00684596049054822,0.0387637519988365,-388.884859990293
"Number.950",0.220967092541696,-0.00795877692431188,0.0415806430335449,-374.266268849068
"Number.951",0.216097503406794,-0.00714824839517595,0.0391358409527363,-387.982403866636
"Number.952",0.223393801071213,-0.00648064532337817,0.0425497368283016,-370.181844936354
"Number.953",0.219779772404869,-0.0086293652069178,0.0432906687612147,-366.104785274324
"Number.954",0.223281760911035,-0.00757445093844852,0.0439730114099347,-362.066337133232
"Number.955",0.218683054940295,-0.00630900700205822,0.0403987463002972,-380.392951882752
"Number.956",0.214959848207724,-0.00521195289799195,0.0429047976041975,-367.755962868241
"Number.957",0.223073483754592,-0.00613455483778583,0.0458701239900861,-352.810264102322
"Number.958",0.222420172764498,-0.00855374839888668,0.0436728972298783,-363.868890848657
"Number.959",0.217706466210707,-0.00677011582614473,0.0433134958821839,-364.965022860418
"Number.960",0.219169001606993,-0.00684097065199332,0.0419143197101242,-372.70576401639
"Number.961",0.219125899325571,-0.00614067559912454,0.0381260897703775,-392.517125116512
"Number.962",0.222981394018048,-0.00711568811375787,0.0463080841987387,-350.9442803391
"Number.963",0.219730441694299,-0.0066555883119331,0.043801133115947,-363.065041449154
"Number.964",0.221714657356259,-0.00743351380397078,0.0470587577417137,-347.433791650543
"Number.965",0.222443659729437,-0.00740439503350348,0.0464348800056852,-350.6897116259
"Number.966",0.220407943813427,-0.00453445060418613,0.0442329305734182,-360.997620629565
"Number.967",0.221936425866308,-0.00677840642227367,0.042796249253543,-368.523491790392
"Number.968",0.21918150736651,-0.00754043182105625,0.0415559524749923,-374.514051719682
"Number.969",0.226040194625951,-0.00575838682878641,0.0470070947472163,-347.569718173519
"Number.970",0.224752202899437,-0.00795097883270233,0.0413210625778572,-375.605945257449
"Number.971",0.222875985972764,-0.00845029918947004,0.0400818776835883,-382.316268730912
"Number.972",0.221496319982183,-0.00538996665202904,0.0450572046002833,-357.349168291987
"Number.973",0.219631810611632,-0.00601560360169975,0.0455520805532623,-354.689397006804
"Number.974",0.221876775782735,-0.00989232180942719,0.042561941937885,-369.638552285536
"Number.975",0.218568064789596,-0.00512045187085016,0.0429118937781271,-367.617803683239
"Number.976",0.22290334157639,-0.00410692701275217,0.0432986194876586,-364.842044607465
"Number.977",0.218446211756748,-0.00484934553032151,0.0438787292733971,-363.010091867979
"Number.978",0.22102575049819,-0.00732063626480145,0.0440638853047017,-361.319205706075
"Number.979",0.219416342740142,-0.00731358617486151,0.0415882150065453,-374.285969714438
"Number.980",0.220105966427006,-0.0074072306874978,0.0422877237768173,-370.55256780517
"Number.981",0.217426463657062,-0.00643161527008896,0.0427869160228341,-367.332355291064
"Number.982",0.220313894711254,-0.00485205420960852,0.0427570551359247,-368.458393682654
"Number.983",0.215270914277341,-0.00606230915635426,0.0456374876954649,-354.163817051509
"Number.984",0.221737980415842,-0.0066179412261912,0.0483832279941074,-341.767535989742
"Number.985",0.219415580703725,-0.00580593784854057,0.0375561653621268,-396.125773304563
"Number.986",0.219007928592572,-0.0087794137871765,0.0377288281423439,-395.335157381906
"Number.987",0.221859650588369,-0.00748120466046987,0.0429959621235962,-366.898645194578
"Number.988",0.217471634188716,-0.00723928690071264,0.0438696229778625,-362.819034416046
"Number.989",0.222671700299394,-0.00734520296853486,0.0442955191912675,-359.949240765346
"Number.990",0.219449724191621,-0.0057118155717423,0.0437438626682931,-363.221236681637
"Number.991",0.217005089687864,-0.00643217530644053,0.0459694520634467,-352.964490580496
"Number.992",0.218147957053364,-0.00800906920513671,0.0402500403064265,-381.548134453033
"Number.993",0.217634383674679,-0.00590173528668227,0.0413963116191443,-375.574708628398
"Number.994",0.217343296132498,-0.0058072799161232,0.0412700056750151,-375.181869019444
"Number.995",0.221159588016732,-0.00769192181898081,0.0440508116055736,-361.682258034642
"Number.996",0.222715823631385,-0.00529939170247265,0.0472879381199015,-346.557992924167
"Number.997",0.222536765173755,-0.00708212457310569,0.0455340114801814,-354.281072753671
"Number.998",0.224549538483579,-0.0103846868986115,0.0429102705590377,-367.675420635328
"Number.999",0.223819189118556,-0.00681005259198489,0.046542469354343,-349.722364845729
