"","chi","df","p_value"
"Kruskal-Wallis chi-squared.1",45.1389477997326,5,1.35950200997756e-08
"Kruskal-Wallis chi-squared.2",52.8703987738128,5,3.57584428191752e-10
"Kruskal-Wallis chi-squared.3",43.5984635841568,5,2.79426101465892e-08
"Kruskal-Wallis chi-squared.4",53.3001744181765,5,2.9183225274357e-10
"Kruskal-Wallis chi-squared.5",39.285092979195,5,2.08082459875164e-07
"Kruskal-Wallis chi-squared.6",49.7024840914423,5,1.59429729688107e-09
"Kruskal-Wallis chi-squared.7",41.4171830307315,5,7.72724642949971e-08
"Kruskal-Wallis chi-squared.8",46.864827438567,5,6.05361278238395e-09
"Kruskal-Wallis chi-squared.9",52.6684002760394,5,3.93405984814048e-10
"Kruskal-Wallis chi-squared.10",48.8988607063621,5,2.32742931812905e-09
"Kruskal-Wallis chi-squared.11",56.4247463940778,5,6.64392624924272e-11
"Kruskal-Wallis chi-squared.12",57.6948478259268,5,3.63603367585469e-11
"Kruskal-Wallis chi-squared.13",44.8052875112168,5,1.58931478985005e-08
"Kruskal-Wallis chi-squared.14",61.6444221950812,5,5.5552335742293e-12
"Kruskal-Wallis chi-squared.15",56.7656670758867,5,5.65174940544468e-11
"Kruskal-Wallis chi-squared.16",47.50482779624,5,4.48239608011521e-09
"Kruskal-Wallis chi-squared.17",57.0079878370148,5,5.03782171711715e-11
"Kruskal-Wallis chi-squared.18",47.0451238127098,5,5.56238458783414e-09
"Kruskal-Wallis chi-squared.19",34.5711943857966,5,1.83217396043785e-06
"Kruskal-Wallis chi-squared.20",44.6871347133198,5,1.67966012124483e-08
"Kruskal-Wallis chi-squared.21",55.4054290550385,5,1.077228097629e-10
"Kruskal-Wallis chi-squared.22",49.9863200079109,5,1.39475850275976e-09
"Kruskal-Wallis chi-squared.23",61.2823193830351,5,6.60110785523558e-12
"Kruskal-Wallis chi-squared.24",47.4414594530339,5,4.61781735157857e-09
"Kruskal-Wallis chi-squared.25",37.5172540393378,5,4.71673207500512e-07
"Kruskal-Wallis chi-squared.26",48.1451107155669,5,3.31771827046654e-09
"Kruskal-Wallis chi-squared.27",44.5966200429418,5,1.75231973665184e-08
"Kruskal-Wallis chi-squared.28",37.0740768618194,5,5.78812831118118e-07
"Kruskal-Wallis chi-squared.29",51.5922887809558,5,6.53993150205284e-10
"Kruskal-Wallis chi-squared.30",55.9387876358763,5,8.36587593547854e-11
"Kruskal-Wallis chi-squared.31",44.7393617010085,5,1.63911016970476e-08
"Kruskal-Wallis chi-squared.32",39.9972674310349,5,1.49526388442358e-07
"Kruskal-Wallis chi-squared.33",48.8757815417599,5,2.3528424665489e-09
"Kruskal-Wallis chi-squared.34",47.841546872518,5,3.82652925275712e-09
"Kruskal-Wallis chi-squared.35",40.6070262752883,5,1.12639422694429e-07
"Kruskal-Wallis chi-squared.36",55.1678396236438,5,1.2055893455085e-10
"Kruskal-Wallis chi-squared.37",52.3030572097931,5,4.67529442128585e-10
"Kruskal-Wallis chi-squared.38",44.2098928138238,5,2.09974164474673e-08
"Kruskal-Wallis chi-squared.39",52.2131162889535,5,4.87820723704123e-10
"Kruskal-Wallis chi-squared.40",49.9047472146217,5,1.44940606985657e-09
"Kruskal-Wallis chi-squared.41",47.5433402343179,5,4.40203558467849e-09
"Kruskal-Wallis chi-squared.42",46.6162524497969,5,6.80256056699278e-09
"Kruskal-Wallis chi-squared.43",56.7535758882124,5,5.68426729853733e-11
"Kruskal-Wallis chi-squared.44",35.4000179888469,5,1.25189567216028e-06
"Kruskal-Wallis chi-squared.45",47.7151387192572,5,4.06070316318622e-09
"Kruskal-Wallis chi-squared.46",48.7447574083016,5,2.50245217643127e-09
"Kruskal-Wallis chi-squared.47",61.3517255617307,5,6.38644546760011e-12
"Kruskal-Wallis chi-squared.48",55.7868965451946,5,8.9905261271983e-11
"Kruskal-Wallis chi-squared.49",42.1548499404054,5,5.48032583721465e-08
"Kruskal-Wallis chi-squared.50",49.6156580814632,5,1.66084549371363e-09
"Kruskal-Wallis chi-squared.51",49.7800838743138,5,1.53707487765467e-09
"Kruskal-Wallis chi-squared.52",43.7429078182053,5,2.61191902383999e-08
"Kruskal-Wallis chi-squared.53",48.8214683212198,5,2.4137457175154e-09
"Kruskal-Wallis chi-squared.54",52.236157582299,5,4.82540222857794e-10
"Kruskal-Wallis chi-squared.55",47.4719294037697,5,4.55219977231343e-09
"Kruskal-Wallis chi-squared.56",42.12680201433,5,5.55243377851725e-08
"Kruskal-Wallis chi-squared.57",51.7785559269042,5,5.98941642299136e-10
"Kruskal-Wallis chi-squared.58",45.7693001391769,5,1.0119208426522e-08
"Kruskal-Wallis chi-squared.59",53.4911934074557,5,2.66623821020607e-10
"Kruskal-Wallis chi-squared.60",48.4406925600864,5,2.88722361784202e-09
"Kruskal-Wallis chi-squared.61",56.8183450471234,5,5.51223068620255e-11
"Kruskal-Wallis chi-squared.62",37.5401925017016,5,4.66699936918184e-07
"Kruskal-Wallis chi-squared.63",38.7580244458961,5,2.6566017830411e-07
"Kruskal-Wallis chi-squared.64",44.9739728210615,5,1.46866196795188e-08
"Kruskal-Wallis chi-squared.65",54.1855147177171,5,1.91966007168269e-10
"Kruskal-Wallis chi-squared.66",59.1392720723678,5,1.8303825959801e-11
"Kruskal-Wallis chi-squared.67",40.4757305733603,5,1.19727120648636e-07
"Kruskal-Wallis chi-squared.68",50.3971814843218,5,1.14922789918045e-09
"Kruskal-Wallis chi-squared.69",42.6425715530056,5,4.36564137394978e-08
"Kruskal-Wallis chi-squared.70",49.6412233888673,5,1.64096810180891e-09
"Kruskal-Wallis chi-squared.71",52.125867383275,5,5.08343825992214e-10
"Kruskal-Wallis chi-squared.72",45.4674347167914,5,1.16565405767179e-08
"Kruskal-Wallis chi-squared.73",47.7215308087933,5,4.04852575103583e-09
"Kruskal-Wallis chi-squared.74",59.0704018771519,5,1.8913112637468e-11
"Kruskal-Wallis chi-squared.75",55.6563026186922,5,9.56467492725127e-11
"Kruskal-Wallis chi-squared.76",38.0620696220975,5,3.66644299731537e-07
"Kruskal-Wallis chi-squared.77",44.8674123096312,5,1.54377147363647e-08
"Kruskal-Wallis chi-squared.78",48.8276542754019,5,2.40673060873077e-09
"Kruskal-Wallis chi-squared.79",53.1865094693921,5,3.07946886959994e-10
"Kruskal-Wallis chi-squared.80",54.8343314513423,5,1.41192149652141e-10
"Kruskal-Wallis chi-squared.81",55.4871591192408,5,1.036302348926e-10
"Kruskal-Wallis chi-squared.82",51.9294742522794,5,5.57747137100976e-10
"Kruskal-Wallis chi-squared.83",55.3367938720099,5,1.11284001924956e-10
"Kruskal-Wallis chi-squared.84",45.8598485780921,5,9.69877316603437e-09
"Kruskal-Wallis chi-squared.85",53.0566109012412,5,3.27452830834896e-10
"Kruskal-Wallis chi-squared.86",51.5698611071662,5,6.60953363177099e-10
"Kruskal-Wallis chi-squared.87",41.5002290159048,5,7.43421501641519e-08
"Kruskal-Wallis chi-squared.88",48.2652272433197,5,3.13555123921004e-09
"Kruskal-Wallis chi-squared.89",52.4548231149319,5,4.35181391081994e-10
"Kruskal-Wallis chi-squared.90",57.6570707740148,5,3.70185088654821e-11
"Kruskal-Wallis chi-squared.91",43.6377172994848,5,2.74348862780403e-08
"Kruskal-Wallis chi-squared.92",55.3867468485328,5,1.08680730058467e-10
"Kruskal-Wallis chi-squared.93",63.4635303480264,5,2.33366190172219e-12
"Kruskal-Wallis chi-squared.94",49.3170029844655,5,1.91163022442036e-09
"Kruskal-Wallis chi-squared.95",50.528950734755,5,1.08001021537276e-09
"Kruskal-Wallis chi-squared.96",51.5200884925031,5,6.76664934339407e-10
"Kruskal-Wallis chi-squared.97",58.2874777637865,5,2.74392236492225e-11
"Kruskal-Wallis chi-squared.98",46.0730303527602,5,8.77642750062676e-09
"Kruskal-Wallis chi-squared.99",44.84896627249,5,1.55715664068939e-08
"Kruskal-Wallis chi-squared.100",54.6034944650106,5,1.57502161204036e-10
"Kruskal-Wallis chi-squared.101",59.1847284683496,5,1.79124525066595e-11
"Kruskal-Wallis chi-squared.102",40.2454844838305,5,1.3324559384584e-07
"Kruskal-Wallis chi-squared.103",49.6275140991532,5,1.65159758229687e-09
"Kruskal-Wallis chi-squared.104",44.7854914163744,5,1.60410671228371e-08
"Kruskal-Wallis chi-squared.105",50.5780650207398,5,1.05528850782202e-09
"Kruskal-Wallis chi-squared.106",43.6806820823721,5,2.68896966942638e-08
"Kruskal-Wallis chi-squared.107",38.6080666302682,5,2.84767879749607e-07
"Kruskal-Wallis chi-squared.108",46.8694936507787,5,6.04036992374235e-09
"Kruskal-Wallis chi-squared.109",46.5442333647875,5,7.03633029845377e-09
"Kruskal-Wallis chi-squared.110",53.2813495632708,5,2.94441755943216e-10
"Kruskal-Wallis chi-squared.111",47.0613740533501,5,5.5201127731605e-09
"Kruskal-Wallis chi-squared.112",50.1282300237011,5,1.30454245511866e-09
"Kruskal-Wallis chi-squared.113",52.80333808828,5,3.69100391169978e-10
"Kruskal-Wallis chi-squared.114",44.2841859625979,5,2.0280509151481e-08
"Kruskal-Wallis chi-squared.115",44.3619427533877,5,1.95562994107664e-08
"Kruskal-Wallis chi-squared.116",45.9037488336178,5,9.50124997003169e-09
"Kruskal-Wallis chi-squared.117",56.7120531586206,5,5.79736636949975e-11
"Kruskal-Wallis chi-squared.118",42.4793327610566,5,4.71097558242928e-08
"Kruskal-Wallis chi-squared.119",44.3032386762313,5,2.01006209115228e-08
"Kruskal-Wallis chi-squared.120",48.0652700588793,5,3.44460515321346e-09
"Kruskal-Wallis chi-squared.121",46.8226620547891,5,6.17459996780638e-09
"Kruskal-Wallis chi-squared.122",49.2953882803188,5,1.93118207474511e-09
"Kruskal-Wallis chi-squared.123",51.979137355892,5,5.44819156020889e-10
"Kruskal-Wallis chi-squared.124",34.9572594465116,5,1.5344926034449e-06
"Kruskal-Wallis chi-squared.125",49.9105895923475,5,1.44542209118999e-09
"Kruskal-Wallis chi-squared.126",41.4078662282017,5,7.76083087134106e-08
"Kruskal-Wallis chi-squared.127",47.8134934235511,5,3.87730787871507e-09
"Kruskal-Wallis chi-squared.128",35.8307630321831,5,1.02679250966053e-06
"Kruskal-Wallis chi-squared.129",61.165608007246,5,6.9784410378327e-12
"Kruskal-Wallis chi-squared.130",49.635732372245,5,1.64521733785038e-09
"Kruskal-Wallis chi-squared.131",51.6245094883277,5,6.44121559573964e-10
"Kruskal-Wallis chi-squared.132",48.5708605927483,5,2.71576668235835e-09
"Kruskal-Wallis chi-squared.133",49.0115115996503,5,2.20726145155004e-09
"Kruskal-Wallis chi-squared.134",51.6901208619076,5,6.24477128486169e-10
"Kruskal-Wallis chi-squared.135",45.7054410476031,5,1.04265990103208e-08
"Kruskal-Wallis chi-squared.136",40.1992216404777,5,1.36139987564667e-07
"Kruskal-Wallis chi-squared.137",50.781769460829,5,9.58637885445603e-10
"Kruskal-Wallis chi-squared.138",56.9694066520862,5,5.13091430977001e-11
"Kruskal-Wallis chi-squared.139",53.8502949750102,5,2.24967860178408e-10
"Kruskal-Wallis chi-squared.140",49.0972816853551,5,2.11993537951859e-09
"Kruskal-Wallis chi-squared.141",47.8911520120682,5,3.73835841190584e-09
"Kruskal-Wallis chi-squared.142",41.0204530559474,5,9.29393972715941e-08
"Kruskal-Wallis chi-squared.143",44.9040614292823,5,1.51751682257584e-08
"Kruskal-Wallis chi-squared.144",40.4934474836128,5,1.18745382194671e-07
"Kruskal-Wallis chi-squared.145",44.0839136051437,5,2.22712772479684e-08
"Kruskal-Wallis chi-squared.146",45.2933900981391,5,1.26465511465188e-08
"Kruskal-Wallis chi-squared.147",53.8760953472006,5,2.22238182229904e-10
"Kruskal-Wallis chi-squared.148",46.7958117546069,5,6.25289631502829e-09
"Kruskal-Wallis chi-squared.149",53.7109828222291,5,2.40295577736551e-10
"Kruskal-Wallis chi-squared.150",48.6416958327942,5,2.62676925500154e-09
"Kruskal-Wallis chi-squared.151",53.846351946004,5,2.25387969439769e-10
"Kruskal-Wallis chi-squared.152",42.5524985561584,5,4.55294859138335e-08
"Kruskal-Wallis chi-squared.153",52.2918342206779,5,4.70014706127139e-10
"Kruskal-Wallis chi-squared.154",58.3792756385778,5,2.62681086549885e-11
"Kruskal-Wallis chi-squared.155",57.4099562481788,5,4.16271445308754e-11
"Kruskal-Wallis chi-squared.156",47.4967390218065,5,4.49945921771238e-09
"Kruskal-Wallis chi-squared.157",41.6053894480159,5,7.07898736005657e-08
"Kruskal-Wallis chi-squared.158",63.536113767359,5,2.25422991312379e-12
"Kruskal-Wallis chi-squared.159",46.3770347647617,5,7.61039514298408e-09
"Kruskal-Wallis chi-squared.160",48.0872650009626,5,3.40917436470903e-09
"Kruskal-Wallis chi-squared.161",49.9650861728886,5,1.40878248572614e-09
"Kruskal-Wallis chi-squared.162",56.5944693763551,5,6.12997247313311e-11
"Kruskal-Wallis chi-squared.163",55.8420506654296,5,8.75849814177204e-11
"Kruskal-Wallis chi-squared.164",47.5887174162546,5,4.30919285418499e-09
"Kruskal-Wallis chi-squared.165",41.9321290799705,5,6.07965144676212e-08
"Kruskal-Wallis chi-squared.166",49.7515344696814,5,1.55788514040608e-09
"Kruskal-Wallis chi-squared.167",51.9661347333075,5,5.48174739444888e-10
"Kruskal-Wallis chi-squared.168",51.7929433225084,5,5.94886981066255e-10
"Kruskal-Wallis chi-squared.169",45.0411938808465,5,1.42316652389169e-08
"Kruskal-Wallis chi-squared.170",50.3809957300159,5,1.15802979026069e-09
"Kruskal-Wallis chi-squared.171",49.6673184204741,5,1.62092355064668e-09
"Kruskal-Wallis chi-squared.172",58.8045619084588,5,2.14609533327051e-11
"Kruskal-Wallis chi-squared.173",56.2985628384086,5,7.05370912605665e-11
"Kruskal-Wallis chi-squared.174",58.5490127173784,5,2.4232522935247e-11
"Kruskal-Wallis chi-squared.175",47.3260915600749,5,4.87492489255725e-09
"Kruskal-Wallis chi-squared.176",51.4226817268031,5,7.08499242826131e-10
"Kruskal-Wallis chi-squared.177",42.6531771354392,5,4.34409860062737e-08
"Kruskal-Wallis chi-squared.178",49.4295688252231,5,1.81295432519234e-09
"Kruskal-Wallis chi-squared.179",57.9696474501599,5,3.19114281778722e-11
"Kruskal-Wallis chi-squared.180",48.0987097473251,5,3.39088247316828e-09
"Kruskal-Wallis chi-squared.181",49.5318382602786,5,1.72771660061168e-09
"Kruskal-Wallis chi-squared.182",49.6568903595561,5,1.62890426071007e-09
"Kruskal-Wallis chi-squared.183",48.7190432984181,5,2.5329090448094e-09
"Kruskal-Wallis chi-squared.184",54.5853747518643,5,1.58859327810832e-10
"Kruskal-Wallis chi-squared.185",45.7945640544968,5,1.00001081098183e-08
"Kruskal-Wallis chi-squared.186",55.6882028405546,5,9.4211363156008e-11
"Kruskal-Wallis chi-squared.187",50.1593547263855,5,1.28554753437693e-09
"Kruskal-Wallis chi-squared.188",47.0059390546282,5,5.66564841420553e-09
"Kruskal-Wallis chi-squared.189",50.4304387595481,5,1.13135132078359e-09
"Kruskal-Wallis chi-squared.190",51.7234945386492,5,6.14715364930944e-10
"Kruskal-Wallis chi-squared.191",56.2281705342687,5,7.2931717683639e-11
"Kruskal-Wallis chi-squared.192",51.1392673384607,5,8.09877356063076e-10
"Kruskal-Wallis chi-squared.193",46.7267758200442,5,6.45878225616292e-09
"Kruskal-Wallis chi-squared.194",46.1998177971763,5,8.26990688666867e-09
"Kruskal-Wallis chi-squared.195",47.4171115487345,5,4.67092830893605e-09
"Kruskal-Wallis chi-squared.196",56.1386275772179,5,7.60954126183643e-11
"Kruskal-Wallis chi-squared.197",45.0136122446189,5,1.44166137472857e-08
"Kruskal-Wallis chi-squared.198",52.9450086209708,5,3.45192930474305e-10
"Kruskal-Wallis chi-squared.199",50.2603025597813,5,1.22581873162979e-09
"Kruskal-Wallis chi-squared.200",51.2711554099616,5,7.61016085088906e-10
"Kruskal-Wallis chi-squared.201",59.5595949984694,5,1.49875558544857e-11
"Kruskal-Wallis chi-squared.202",37.6266216524702,5,4.48425727546284e-07
"Kruskal-Wallis chi-squared.203",51.4937358311531,5,6.85133902061419e-10
"Kruskal-Wallis chi-squared.204",43.7317005035825,5,2.62563207061683e-08
"Kruskal-Wallis chi-squared.205",50.6548016545531,5,1.0177883124157e-09
"Kruskal-Wallis chi-squared.206",44.9660120199161,5,1.47414499360153e-08
"Kruskal-Wallis chi-squared.207",47.3755789305368,5,4.7629344102679e-09
"Kruskal-Wallis chi-squared.208",51.4575144989054,5,6.96947194227105e-10
"Kruskal-Wallis chi-squared.209",46.837567708021,5,6.13155738762841e-09
"Kruskal-Wallis chi-squared.210",48.4855169794727,5,2.82699556518769e-09
"Kruskal-Wallis chi-squared.211",37.5903406203943,5,4.56008433894913e-07
"Kruskal-Wallis chi-squared.212",43.5046147704213,5,2.91947726866514e-08
"Kruskal-Wallis chi-squared.213",49.8922195081155,5,1.45798580805181e-09
"Kruskal-Wallis chi-squared.214",47.2203345504734,5,5.12313365671284e-09
"Kruskal-Wallis chi-squared.215",37.9236708503886,5,3.90882501735518e-07
"Kruskal-Wallis chi-squared.216",50.6147737876201,5,1.03718049524203e-09
"Kruskal-Wallis chi-squared.217",50.9711500448669,5,8.76723530358196e-10
"Kruskal-Wallis chi-squared.218",49.3504756524639,5,1.88174102568824e-09
"Kruskal-Wallis chi-squared.219",39.8035714698992,5,1.63595092267247e-07
"Kruskal-Wallis chi-squared.220",55.5607347654981,5,1.00078885726787e-10
"Kruskal-Wallis chi-squared.221",47.0473760479029,5,5.55650662657737e-09
"Kruskal-Wallis chi-squared.222",48.0164945102458,5,3.52449136506633e-09
"Kruskal-Wallis chi-squared.223",53.2288807781281,5,3.01838516333032e-10
"Kruskal-Wallis chi-squared.224",53.3331883705786,5,2.87311454600177e-10
"Kruskal-Wallis chi-squared.225",47.3846591955093,5,4.74266599702185e-09
"Kruskal-Wallis chi-squared.226",42.7272518932998,5,4.19655830998977e-08
"Kruskal-Wallis chi-squared.227",53.8979413816066,5,2.19952729644997e-10
"Kruskal-Wallis chi-squared.228",39.0633818611408,5,2.30608677315108e-07
"Kruskal-Wallis chi-squared.229",50.7719150442515,5,9.63103358269894e-10
"Kruskal-Wallis chi-squared.230",45.9030245458342,5,9.50447603638639e-09
"Kruskal-Wallis chi-squared.231",52.7847648668352,5,3.72354801449972e-10
"Kruskal-Wallis chi-squared.232",45.7655744491047,5,1.01368914999057e-08
"Kruskal-Wallis chi-squared.233",40.8397722885496,5,1.01087010449395e-07
"Kruskal-Wallis chi-squared.234",48.6412803535492,5,2.62728268765972e-09
"Kruskal-Wallis chi-squared.235",39.3095125232882,5,2.05739461979952e-07
"Kruskal-Wallis chi-squared.236",53.5501256589336,5,2.59294319413324e-10
"Kruskal-Wallis chi-squared.237",57.5352540898327,5,3.9222949168721e-11
"Kruskal-Wallis chi-squared.238",45.912584828985,5,9.46198115824559e-09
"Kruskal-Wallis chi-squared.239",38.2307201114256,5,3.39122238091435e-07
"Kruskal-Wallis chi-squared.240",41.4603622070106,5,7.57347856788233e-08
"Kruskal-Wallis chi-squared.241",46.582694466273,5,6.9105083024858e-09
"Kruskal-Wallis chi-squared.242",42.4048204323846,5,4.87752904245283e-08
"Kruskal-Wallis chi-squared.243",44.0118693778279,5,2.30340899156072e-08
"Kruskal-Wallis chi-squared.244",45.6511193060302,5,1.06953971232311e-08
"Kruskal-Wallis chi-squared.245",56.1307764449199,5,7.63792521130821e-11
"Kruskal-Wallis chi-squared.246",48.1935667780713,5,3.24299372808796e-09
"Kruskal-Wallis chi-squared.247",56.02443600757,5,8.03294578364731e-11
"Kruskal-Wallis chi-squared.248",56.7253502828246,5,5.76090549460379e-11
"Kruskal-Wallis chi-squared.249",46.2024062975692,5,8.25987525203162e-09
"Kruskal-Wallis chi-squared.250",48.3010415121572,5,3.08319194814077e-09
"Kruskal-Wallis chi-squared.251",44.8668741695938,5,1.5441603400013e-08
"Kruskal-Wallis chi-squared.252",43.2470277901385,5,3.29264446706688e-08
"Kruskal-Wallis chi-squared.253",51.8377927264043,5,5.82422413456725e-10
"Kruskal-Wallis chi-squared.254",46.6084227252787,5,6.82759549567067e-09
"Kruskal-Wallis chi-squared.255",53.6823309022091,5,2.43574913076691e-10
"Kruskal-Wallis chi-squared.256",42.2794968698354,5,5.17099600015297e-08
"Kruskal-Wallis chi-squared.257",40.116273436785,5,1.41487259449881e-07
"Kruskal-Wallis chi-squared.258",42.1403375170552,5,5.51751831014183e-08
"Kruskal-Wallis chi-squared.259",56.2208898377743,5,7.3183978096305e-11
"Kruskal-Wallis chi-squared.260",47.2658652687965,5,5.01476584754757e-09
"Kruskal-Wallis chi-squared.261",39.4639344658943,5,1.9151958250113e-07
"Kruskal-Wallis chi-squared.262",55.800809655908,5,8.93142277636944e-11
"Kruskal-Wallis chi-squared.263",44.7240918525251,5,1.65086393181318e-08
"Kruskal-Wallis chi-squared.264",51.1503435764563,5,8.05656209001488e-10
"Kruskal-Wallis chi-squared.265",51.4024410128878,5,7.15299483546851e-10
"Kruskal-Wallis chi-squared.266",42.8650142175009,5,3.93531943357298e-08
"Kruskal-Wallis chi-squared.267",50.1514618831062,5,1.29033814267352e-09
"Kruskal-Wallis chi-squared.268",50.075591554289,5,1.33730614844192e-09
"Kruskal-Wallis chi-squared.269",55.1146546509585,5,1.23635274791278e-10
"Kruskal-Wallis chi-squared.270",50.6519437422482,5,1.01916080550754e-09
"Kruskal-Wallis chi-squared.271",49.4201469299561,5,1.82101504931976e-09
"Kruskal-Wallis chi-squared.272",49.8724998395732,5,1.4715937886235e-09
"Kruskal-Wallis chi-squared.273",58.8097494816372,5,2.14080982433854e-11
"Kruskal-Wallis chi-squared.274",58.0289936555125,5,3.10243988302722e-11
"Kruskal-Wallis chi-squared.275",41.5830891163268,5,7.15287597779482e-08
"Kruskal-Wallis chi-squared.276",51.4574868844474,5,6.96956277535642e-10
"Kruskal-Wallis chi-squared.277",56.3000639077456,5,7.04868912677912e-11
"Kruskal-Wallis chi-squared.278",50.26832942523,5,1.22118994480014e-09
"Kruskal-Wallis chi-squared.279",52.4886052226567,5,4.28290425986264e-10
"Kruskal-Wallis chi-squared.280",39.8437924802412,5,1.60569172087094e-07
"Kruskal-Wallis chi-squared.281",41.2619105628195,5,8.30635065093408e-08
"Kruskal-Wallis chi-squared.282",47.4356688852912,5,4.63039368578838e-09
"Kruskal-Wallis chi-squared.283",42.5984347073235,5,4.45644451790839e-08
"Kruskal-Wallis chi-squared.284",60.9228103838778,5,7.83382087663986e-12
"Kruskal-Wallis chi-squared.285",53.8838528007372,5,2.21423925061218e-10
"Kruskal-Wallis chi-squared.286",47.1177165420598,5,5.37601432818019e-09
"Kruskal-Wallis chi-squared.287",41.9070322715705,5,6.15115273418274e-08
"Kruskal-Wallis chi-squared.288",56.2786723810185,5,7.12056630467589e-11
"Kruskal-Wallis chi-squared.289",40.3462471162616,5,1.27151878690736e-07
"Kruskal-Wallis chi-squared.290",49.8110895455344,5,1.51478817627806e-09
"Kruskal-Wallis chi-squared.291",55.7602104589891,5,9.10498403056419e-11
"Kruskal-Wallis chi-squared.292",48.7695275771127,5,2.47345881205372e-09
"Kruskal-Wallis chi-squared.293",50.7637919752911,5,9.66799878595756e-10
"Kruskal-Wallis chi-squared.294",57.966133944323,5,3.19647301476345e-11
"Kruskal-Wallis chi-squared.295",47.383892092166,5,4.74437494694723e-09
"Kruskal-Wallis chi-squared.296",60.3212134792219,5,1.04316635672011e-11
"Kruskal-Wallis chi-squared.297",54.9749584731151,5,1.32093879531367e-10
"Kruskal-Wallis chi-squared.298",57.3862475265336,5,4.2098345379422e-11
"Kruskal-Wallis chi-squared.299",45.5447769751176,5,1.12417695896431e-08
"Kruskal-Wallis chi-squared.300",52.9515420439328,5,3.44128455187217e-10
"Kruskal-Wallis chi-squared.301",62.7557795219596,5,3.27074011139531e-12
"Kruskal-Wallis chi-squared.302",47.2623880562473,5,5.02296073234574e-09
"Kruskal-Wallis chi-squared.303",50.51495567485,5,1.08715981639834e-09
"Kruskal-Wallis chi-squared.304",61.3390113392854,5,6.42524035017027e-12
"Kruskal-Wallis chi-squared.305",53.4375752296734,5,2.73471852251392e-10
"Kruskal-Wallis chi-squared.306",52.9900888291364,5,3.37914451489295e-10
"Kruskal-Wallis chi-squared.307",45.5049223691838,5,1.14536305121692e-08
"Kruskal-Wallis chi-squared.308",50.0140786922634,5,1.37663496281932e-09
"Kruskal-Wallis chi-squared.309",56.5787605894871,5,6.17582631320423e-11
"Kruskal-Wallis chi-squared.310",48.0452684598706,5,3.47714365132959e-09
"Kruskal-Wallis chi-squared.311",49.3370589708066,5,1.89366497630837e-09
"Kruskal-Wallis chi-squared.312",46.5640513933993,5,6.97121474508557e-09
"Kruskal-Wallis chi-squared.313",45.1527318325796,5,1.35075624293648e-08
"Kruskal-Wallis chi-squared.314",42.4580051946741,5,4.75806036435425e-08
"Kruskal-Wallis chi-squared.315",52.6560392556615,5,3.95710803487101e-10
"Kruskal-Wallis chi-squared.316",48.076445235533,5,3.42655784642875e-09
"Kruskal-Wallis chi-squared.317",49.4775856337492,5,1.77242400853324e-09
"Kruskal-Wallis chi-squared.318",42.776336303071,5,4.10155490855211e-08
"Kruskal-Wallis chi-squared.319",53.5165412707279,5,2.63446264094599e-10
"Kruskal-Wallis chi-squared.320",52.4402041786723,5,4.38197589547542e-10
"Kruskal-Wallis chi-squared.321",56.5063281817905,5,6.39172424518484e-11
"Kruskal-Wallis chi-squared.322",63.5964439415984,5,2.19026579351548e-12
"Kruskal-Wallis chi-squared.323",54.7340119126142,5,1.48062293739599e-10
"Kruskal-Wallis chi-squared.324",54.1467371282436,5,1.95521849870005e-10
"Kruskal-Wallis chi-squared.325",49.4866633739713,5,1.76486382073628e-09
"Kruskal-Wallis chi-squared.326",55.988510544515,5,8.17095325425431e-11
"Kruskal-Wallis chi-squared.327",60.6342177849733,5,8.98767872512175e-12
"Kruskal-Wallis chi-squared.328",44.7148494775345,5,1.65801890550248e-08
"Kruskal-Wallis chi-squared.329",54.5730173608152,5,1.59791583583455e-10
"Kruskal-Wallis chi-squared.330",52.6796401494232,5,3.91321842950724e-10
"Kruskal-Wallis chi-squared.331",39.4129898936344,5,1.96099138957367e-07
"Kruskal-Wallis chi-squared.332",50.7289701437739,5,9.82807110742147e-10
"Kruskal-Wallis chi-squared.333",46.0244709858835,5,8.97851466975662e-09
"Kruskal-Wallis chi-squared.334",50.7897850700986,5,9.55020895102496e-10
"Kruskal-Wallis chi-squared.335",54.1969725086236,5,1.90927750152529e-10
"Kruskal-Wallis chi-squared.336",38.4324794942925,5,3.08887060470872e-07
"Kruskal-Wallis chi-squared.337",50.5187013525298,5,1.08524166248183e-09
"Kruskal-Wallis chi-squared.338",44.689859024247,5,1.67752040917802e-08
"Kruskal-Wallis chi-squared.339",52.8326503883382,5,3.64021916457763e-10
"Kruskal-Wallis chi-squared.340",49.9690885861293,5,1.40612835878171e-09
"Kruskal-Wallis chi-squared.341",44.3244612550745,5,1.99021176256983e-08
"Kruskal-Wallis chi-squared.342",48.5495859935261,5,2.74307874502439e-09
"Kruskal-Wallis chi-squared.343",48.6854735327255,5,2.57322752988946e-09
"Kruskal-Wallis chi-squared.344",48.5367701498755,5,2.75966360415615e-09
"Kruskal-Wallis chi-squared.345",35.2739638792369,5,1.32661275917644e-06
"Kruskal-Wallis chi-squared.346",47.5503741890554,5,4.38751438689306e-09
"Kruskal-Wallis chi-squared.347",49.8596531203286,5,1.48052701984868e-09
"Kruskal-Wallis chi-squared.348",58.1394440709918,5,2.94385380409174e-11
"Kruskal-Wallis chi-squared.349",46.3810061972104,5,7.59623257277065e-09
"Kruskal-Wallis chi-squared.350",55.1217376805328,5,1.23221097446787e-10
"Kruskal-Wallis chi-squared.351",46.3436660323231,5,7.73043647314469e-09
"Kruskal-Wallis chi-squared.352",60.8072561853756,5,8.27692601640677e-12
"Kruskal-Wallis chi-squared.353",56.8491276987215,5,5.43229900593246e-11
"Kruskal-Wallis chi-squared.354",60.2541560548249,5,1.07699561788258e-11
"Kruskal-Wallis chi-squared.355",58.1619006216146,5,2.9126140246684e-11
"Kruskal-Wallis chi-squared.356",49.1315758440293,5,2.08599125671862e-09
"Kruskal-Wallis chi-squared.357",48.6171210165487,5,2.65731059584639e-09
"Kruskal-Wallis chi-squared.358",52.4013526876494,5,4.46315240054591e-10
"Kruskal-Wallis chi-squared.359",50.8499274660236,5,9.28312821690284e-10
"Kruskal-Wallis chi-squared.360",44.1012456487504,5,2.20915532753537e-08
"Kruskal-Wallis chi-squared.361",61.261911351804,5,6.66558638624235e-12
"Kruskal-Wallis chi-squared.362",50.0769239387369,5,1.33646679482672e-09
"Kruskal-Wallis chi-squared.363",48.6238608378595,5,2.64889933841706e-09
"Kruskal-Wallis chi-squared.364",42.5667672358927,5,4.52275162297938e-08
"Kruskal-Wallis chi-squared.365",49.028246434579,5,2.18994582424478e-09
"Kruskal-Wallis chi-squared.366",48.2662715432222,5,3.134012027637e-09
"Kruskal-Wallis chi-squared.367",51.8204095040023,5,5.87222339159523e-10
"Kruskal-Wallis chi-squared.368",57.8520159080317,5,3.37451402803794e-11
"Kruskal-Wallis chi-squared.369",47.0828160750861,5,5.46482538373167e-09
"Kruskal-Wallis chi-squared.370",49.8288757812261,5,1.50214932239236e-09
"Kruskal-Wallis chi-squared.371",52.1390827160845,5,5.05180769045609e-10
"Kruskal-Wallis chi-squared.372",46.4351239073879,5,7.40584145388519e-09
"Kruskal-Wallis chi-squared.373",56.3503064941841,5,6.88270506284828e-11
"Kruskal-Wallis chi-squared.374",46.5182028195151,5,7.12278044953389e-09
"Kruskal-Wallis chi-squared.375",46.1965027998431,5,8.28277177480034e-09
"Kruskal-Wallis chi-squared.376",43.439575147619,5,3.00952105041526e-08
"Kruskal-Wallis chi-squared.377",47.5336709135073,5,4.42207560299302e-09
"Kruskal-Wallis chi-squared.378",47.4432123662277,5,4.61401698069303e-09
"Kruskal-Wallis chi-squared.379",48.1391742382881,5,3.32699025010414e-09
"Kruskal-Wallis chi-squared.380",50.2044713856357,5,1.2585023019468e-09
"Kruskal-Wallis chi-squared.381",41.6754101930487,5,6.85189163229804e-08
"Kruskal-Wallis chi-squared.382",64.0359876876336,5,1.7758231026639e-12
"Kruskal-Wallis chi-squared.383",46.9662756985406,5,5.77212033971002e-09
"Kruskal-Wallis chi-squared.384",48.0425872274978,5,3.48152870261758e-09
"Kruskal-Wallis chi-squared.385",33.8445938781114,5,2.55677325701154e-06
"Kruskal-Wallis chi-squared.386",50.9379866061989,5,8.90545932573875e-10
"Kruskal-Wallis chi-squared.387",51.4710886092728,5,6.92496487693253e-10
"Kruskal-Wallis chi-squared.388",42.3439303947342,5,5.01798033367517e-08
"Kruskal-Wallis chi-squared.389",53.2096057286588,5,3.04602127950952e-10
"Kruskal-Wallis chi-squared.390",41.9489524389615,5,6.03218563074556e-08
"Kruskal-Wallis chi-squared.391",59.5656962683136,5,1.49441242371119e-11
"Kruskal-Wallis chi-squared.392",49.2391665062398,5,1.98297738296019e-09
"Kruskal-Wallis chi-squared.393",47.3254801496756,5,4.87632481688555e-09
"Kruskal-Wallis chi-squared.394",46.1291467185082,5,8.54853325996106e-09
"Kruskal-Wallis chi-squared.395",48.712615599381,5,2.54057986328245e-09
"Kruskal-Wallis chi-squared.396",50.2527092676225,5,1.23021360117842e-09
"Kruskal-Wallis chi-squared.397",42.6333038779115,5,4.38455364558659e-08
"Kruskal-Wallis chi-squared.398",46.981328102892,5,5.73148090382014e-09
"Kruskal-Wallis chi-squared.399",35.882936211128,5,1.00242065256177e-06
"Kruskal-Wallis chi-squared.400",43.8272555226285,5,2.51097758983349e-08
"Kruskal-Wallis chi-squared.401",56.7060597692588,5,5.81387552785542e-11
"Kruskal-Wallis chi-squared.402",48.9800538929022,5,2.24018137476834e-09
"Kruskal-Wallis chi-squared.403",54.4145374078597,5,1.7224278699488e-10
"Kruskal-Wallis chi-squared.404",50.1232223915908,5,1.30762457265446e-09
"Kruskal-Wallis chi-squared.405",41.5847031682462,5,7.14750237238251e-08
"Kruskal-Wallis chi-squared.406",34.77291879035,5,1.6700945259857e-06
"Kruskal-Wallis chi-squared.407",35.542194260611,5,1.17263615994325e-06
"Kruskal-Wallis chi-squared.408",43.6609293816781,5,2.71389888722207e-08
"Kruskal-Wallis chi-squared.409",49.1237803614391,5,2.09365924892046e-09
"Kruskal-Wallis chi-squared.410",46.5117594985846,5,7.14434240728541e-09
"Kruskal-Wallis chi-squared.411",43.3739665617843,5,3.10315686403653e-08
"Kruskal-Wallis chi-squared.412",45.6650096939898,5,1.06260134227113e-08
"Kruskal-Wallis chi-squared.413",45.6831665946061,5,1.05359943717183e-08
"Kruskal-Wallis chi-squared.414",45.3917636328634,5,1.20771098362119e-08
"Kruskal-Wallis chi-squared.415",63.3288342806407,5,2.48854594493841e-12
"Kruskal-Wallis chi-squared.416",48.5727774043251,5,2.71331926341176e-09
"Kruskal-Wallis chi-squared.417",48.49682749327,5,2.81199728661926e-09
"Kruskal-Wallis chi-squared.418",52.7205921802167,5,3.8382111314802e-10
"Kruskal-Wallis chi-squared.419",46.8640304064112,5,6.0558776781048e-09
"Kruskal-Wallis chi-squared.420",51.3045797921079,5,7.49107513056988e-10
"Kruskal-Wallis chi-squared.421",55.2203508035544,5,1.17596524628709e-10
"Kruskal-Wallis chi-squared.422",46.3363656112157,5,7.75694982398276e-09
"Kruskal-Wallis chi-squared.423",43.4246441416848,5,3.03057978929232e-08
"Kruskal-Wallis chi-squared.424",55.9034426550276,5,8.50724991481076e-11
"Kruskal-Wallis chi-squared.425",43.8830812264816,5,2.44631731140005e-08
"Kruskal-Wallis chi-squared.426",42.5759409166316,5,4.50344275222785e-08
"Kruskal-Wallis chi-squared.427",48.2026138004963,5,3.22922933003568e-09
"Kruskal-Wallis chi-squared.428",38.3900925636632,5,3.15007902119292e-07
"Kruskal-Wallis chi-squared.429",49.0894265029366,5,2.12778760925549e-09
"Kruskal-Wallis chi-squared.430",48.4900935630436,5,2.82091721177892e-09
"Kruskal-Wallis chi-squared.431",49.0426266767236,5,2.17517478185003e-09
"Kruskal-Wallis chi-squared.432",45.7629165180746,5,1.01495255433248e-08
"Kruskal-Wallis chi-squared.433",54.0225939917252,5,2.07353597533741e-10
"Kruskal-Wallis chi-squared.434",57.0440776192445,5,4.95226730341319e-11
"Kruskal-Wallis chi-squared.435",56.1068706875422,5,7.72500327523001e-11
"Kruskal-Wallis chi-squared.436",54.982178470401,5,1.31642884515946e-10
"Kruskal-Wallis chi-squared.437",49.535925515654,5,1.72439438043059e-09
"Kruskal-Wallis chi-squared.438",46.5669925698699,5,6.96160234098997e-09
"Kruskal-Wallis chi-squared.439",48.0223788093488,5,3.51475669813206e-09
"Kruskal-Wallis chi-squared.440",62.4525135994631,5,3.77957375129146e-12
"Kruskal-Wallis chi-squared.441",54.2812677718762,5,1.83459578904364e-10
"Kruskal-Wallis chi-squared.442",31.5292996237069,5,7.36247267758923e-06
"Kruskal-Wallis chi-squared.443",49.8826143054464,5,1.46459833261482e-09
"Kruskal-Wallis chi-squared.444",46.8717594565054,5,6.03394991820962e-09
"Kruskal-Wallis chi-squared.445",48.9940064002423,5,2.22552032484939e-09
"Kruskal-Wallis chi-squared.446",41.2319846958044,5,8.42283454199677e-08
"Kruskal-Wallis chi-squared.447",47.6911531692456,5,4.10672402809754e-09
"Kruskal-Wallis chi-squared.448",40.684344706282,5,1.08662765428958e-07
"Kruskal-Wallis chi-squared.449",45.4967495416,5,1.14975653963393e-08
"Kruskal-Wallis chi-squared.450",49.4520216939183,5,1.7938883710111e-09
"Kruskal-Wallis chi-squared.451",53.3052247080495,5,2.91136115480247e-10
"Kruskal-Wallis chi-squared.452",41.7493653408571,5,6.6199140027301e-08
"Kruskal-Wallis chi-squared.453",53.2568543818622,5,2.97872169061884e-10
"Kruskal-Wallis chi-squared.454",52.8938529164549,5,3.53641977982494e-10
"Kruskal-Wallis chi-squared.455",50.8948871173556,5,9.08835000628464e-10
"Kruskal-Wallis chi-squared.456",39.337975139624,5,2.03041681840195e-07
"Kruskal-Wallis chi-squared.457",45.8079168810075,5,9.93772520686464e-09
"Kruskal-Wallis chi-squared.458",42.9336319376724,5,3.8113115014896e-08
"Kruskal-Wallis chi-squared.459",48.8810983506015,5,2.34696354591267e-09
"Kruskal-Wallis chi-squared.460",50.9636523250322,5,8.79829709024593e-10
"Kruskal-Wallis chi-squared.461",50.6895844576362,5,1.00123115199725e-09
"Kruskal-Wallis chi-squared.462",48.5239373167583,5,2.77637065449739e-09
"Kruskal-Wallis chi-squared.463",43.7589812211166,5,2.59237644327161e-08
"Kruskal-Wallis chi-squared.464",59.5830229468256,5,1.48214688564562e-11
"Kruskal-Wallis chi-squared.465",42.5043894364442,5,4.65625094020509e-08
"Kruskal-Wallis chi-squared.466",50.3884581033444,5,1.15396339179327e-09
"Kruskal-Wallis chi-squared.467",40.7821310787312,5,1.03833097317549e-07
"Kruskal-Wallis chi-squared.468",46.0515668180465,5,8.8651858529115e-09
"Kruskal-Wallis chi-squared.469",48.0669974615738,5,3.44180930961873e-09
"Kruskal-Wallis chi-squared.470",53.5544478738972,5,2.5876474016148e-10
"Kruskal-Wallis chi-squared.471",49.9429343806839,5,1.42356266385238e-09
"Kruskal-Wallis chi-squared.472",47.7138831819009,5,4.06309934498689e-09
"Kruskal-Wallis chi-squared.473",46.4031037598794,5,7.51790876610973e-09
"Kruskal-Wallis chi-squared.474",46.3414140075259,5,7.73860562644173e-09
"Kruskal-Wallis chi-squared.475",56.034588292101,5,7.99436915279398e-11
"Kruskal-Wallis chi-squared.476",44.7735625491143,5,1.61308631437962e-08
"Kruskal-Wallis chi-squared.477",40.5865898406146,5,1.13714521866243e-07
"Kruskal-Wallis chi-squared.478",47.6218844316523,5,4.24257006950837e-09
"Kruskal-Wallis chi-squared.479",44.4774339383267,5,1.85279506678556e-08
"Kruskal-Wallis chi-squared.480",49.0553312209588,5,2.1622076762079e-09
"Kruskal-Wallis chi-squared.481",48.4924753494939,5,2.81775901958271e-09
"Kruskal-Wallis chi-squared.482",54.8461997771907,5,1.40400713665212e-10
"Kruskal-Wallis chi-squared.483",52.0848435022917,5,5.18289212617506e-10
"Kruskal-Wallis chi-squared.484",46.874088854384,5,6.02735682183585e-09
"Kruskal-Wallis chi-squared.485",48.9050239903891,5,2.32068918538262e-09
"Kruskal-Wallis chi-squared.486",41.7203681612137,5,6.70992285297717e-08
"Kruskal-Wallis chi-squared.487",48.5282982445621,5,2.7706818826645e-09
"Kruskal-Wallis chi-squared.488",46.4441737175583,5,7.37447103024638e-09
"Kruskal-Wallis chi-squared.489",45.2157652255602,5,1.3114717815363e-08
"Kruskal-Wallis chi-squared.490",35.1469884987098,5,1.40636063215908e-06
"Kruskal-Wallis chi-squared.491",51.4434474836128,5,7.01589628121831e-10
"Kruskal-Wallis chi-squared.492",46.4295692986138,5,7.42516191119735e-09
"Kruskal-Wallis chi-squared.493",46.2511169390767,5,8.07334534318581e-09
"Kruskal-Wallis chi-squared.494",50.4787979347541,5,1.10585090563125e-09
"Kruskal-Wallis chi-squared.495",42.129977939993,5,5.54422161056888e-08
"Kruskal-Wallis chi-squared.496",52.3978043086971,5,4.47064075940342e-10
"Kruskal-Wallis chi-squared.497",50.8295454712815,5,9.37279541252018e-10
"Kruskal-Wallis chi-squared.498",53.0524376465539,5,3.28099532295548e-10
"Kruskal-Wallis chi-squared.499",46.5938909455085,5,6.87430345216462e-09
"Kruskal-Wallis chi-squared.500",55.1728562501775,5,1.20272734022585e-10
"Kruskal-Wallis chi-squared.501",62.1577838582184,5,4.34968933075976e-12
"Kruskal-Wallis chi-squared.502",40.0860052030899,5,1.43490175408183e-07
"Kruskal-Wallis chi-squared.503",48.5547857170659,5,2.73637821508906e-09
"Kruskal-Wallis chi-squared.504",58.0032556656978,5,3.14060334793799e-11
"Kruskal-Wallis chi-squared.505",56.4642476927463,5,6.52059528933921e-11
"Kruskal-Wallis chi-squared.506",55.9866230831622,5,8.17826900032589e-11
"Kruskal-Wallis chi-squared.507",48.1136304964606,5,3.36718187091413e-09
"Kruskal-Wallis chi-squared.508",52.2937924802412,5,4.69580113901335e-10
"Kruskal-Wallis chi-squared.509",34.9877412320151,5,1.51315032542593e-06
"Kruskal-Wallis chi-squared.510",42.198834880269,5,5.36912028563501e-08
"Kruskal-Wallis chi-squared.511",49.5472726383326,5,1.71520452768079e-09
"Kruskal-Wallis chi-squared.512",48.2447537789728,5,3.1658801707464e-09
"Kruskal-Wallis chi-squared.513",50.0265022002148,5,1.36859998059256e-09
"Kruskal-Wallis chi-squared.514",63.5964213766413,5,2.19028937562053e-12
"Kruskal-Wallis chi-squared.515",41.6983310347584,5,6.77914189731459e-08
"Kruskal-Wallis chi-squared.516",48.0348775338238,5,3.49416835944157e-09
"Kruskal-Wallis chi-squared.517",53.7748787330802,5,2.33140222764712e-10
"Kruskal-Wallis chi-squared.518",52.4052264438153,5,4.454991666377e-10
"Kruskal-Wallis chi-squared.519",51.5780523969876,5,6.58402749783602e-10
"Kruskal-Wallis chi-squared.520",56.0987045400273,5,7.754975392481e-11
"Kruskal-Wallis chi-squared.521",45.9083187897188,5,9.4809199880035e-09
"Kruskal-Wallis chi-squared.522",33.2459029612167,5,3.36310693946608e-06
"Kruskal-Wallis chi-squared.523",46.6779414131659,5,6.60848992498967e-09
"Kruskal-Wallis chi-squared.524",56.1950525937077,5,7.4086231845465e-11
"Kruskal-Wallis chi-squared.525",38.0255173371457,5,3.72896449588867e-07
"Kruskal-Wallis chi-squared.526",52.4929270694275,5,4.27416735564407e-10
"Kruskal-Wallis chi-squared.527",66.2238093434701,5,6.2451648029407e-13
"Kruskal-Wallis chi-squared.528",43.6803572837472,5,2.68937773537462e-08
"Kruskal-Wallis chi-squared.529",52.9501310240283,5,3.44358071711255e-10
"Kruskal-Wallis chi-squared.530",56.7535957180233,5,5.68421381590539e-11
"Kruskal-Wallis chi-squared.531",42.145644384692,5,5.50388877643122e-08
"Kruskal-Wallis chi-squared.532",46.6096679532374,5,6.82360784236283e-09
"Kruskal-Wallis chi-squared.533",50.022249994477,5,1.37134484201669e-09
"Kruskal-Wallis chi-squared.534",50.0506983038936,5,1.3530850325711e-09
"Kruskal-Wallis chi-squared.535",51.9025733518902,5,5.6487713383627e-10
"Kruskal-Wallis chi-squared.536",52.6530352760236,5,3.96272953262804e-10
"Kruskal-Wallis chi-squared.537",47.7516955803192,5,3.99154921876931e-09
"Kruskal-Wallis chi-squared.538",48.5470555623934,5,2.74634545642524e-09
"Kruskal-Wallis chi-squared.539",49.8904670683124,5,1.45919001792996e-09
"Kruskal-Wallis chi-squared.540",47.3868718236799,5,4.73774015047194e-09
"Kruskal-Wallis chi-squared.541",50.5000249319106,5,1.09483948777249e-09
"Kruskal-Wallis chi-squared.542",51.0940078730135,5,8.27356212541308e-10
"Kruskal-Wallis chi-squared.543",56.551270738458,5,6.2568942347398e-11
"Kruskal-Wallis chi-squared.544",58.4192178217926,5,2.57742500110073e-11
"Kruskal-Wallis chi-squared.545",47.458373545244,5,4.58127694588192e-09
"Kruskal-Wallis chi-squared.546",54.1219723245273,5,1.97827056437266e-10
"Kruskal-Wallis chi-squared.547",51.5999846937004,5,6.51621687907337e-10
"Kruskal-Wallis chi-squared.548",49.8650794402208,5,1.4767471366239e-09
"Kruskal-Wallis chi-squared.549",49.7254578477134,5,1.57713841551507e-09
"Kruskal-Wallis chi-squared.550",41.6957423239696,5,6.78731964463742e-08
"Kruskal-Wallis chi-squared.551",45.7668462921409,5,1.01308515483969e-08
"Kruskal-Wallis chi-squared.552",54.4215081912373,5,1.7167529306273e-10
"Kruskal-Wallis chi-squared.553",51.9450631661002,5,5.53656511813482e-10
"Kruskal-Wallis chi-squared.554",42.4063742058871,5,4.87399678093365e-08
"Kruskal-Wallis chi-squared.555",48.4196009526725,5,2.91600430683378e-09
"Kruskal-Wallis chi-squared.556",60.1847952164395,5,1.11313953577842e-11
"Kruskal-Wallis chi-squared.557",44.5314750118084,5,1.8065452568273e-08
"Kruskal-Wallis chi-squared.558",57.8528201988452,5,3.37322521110591e-11
"Kruskal-Wallis chi-squared.559",54.9196749068209,5,1.35598642963257e-10
"Kruskal-Wallis chi-squared.560",55.9656150029087,5,8.26013834814689e-11
"Kruskal-Wallis chi-squared.561",35.7309695883289,5,1.07506373271492e-06
"Kruskal-Wallis chi-squared.562",64.4730816367536,5,1.44139074486191e-12
"Kruskal-Wallis chi-squared.563",50.9601107313466,5,8.81300746745445e-10
"Kruskal-Wallis chi-squared.564",53.8353752252551,5,2.26561609593128e-10
"Kruskal-Wallis chi-squared.565",51.2031267456283,5,7.85840143117868e-10
"Kruskal-Wallis chi-squared.566",49.7313062743205,5,1.57279977643067e-09
"Kruskal-Wallis chi-squared.567",48.8214282408065,5,2.41379123667099e-09
"Kruskal-Wallis chi-squared.568",59.0314904759049,5,1.92662649825263e-11
"Kruskal-Wallis chi-squared.569",49.2781183560929,5,1.94694704832722e-09
"Kruskal-Wallis chi-squared.570",37.5316598971796,5,4.68543757249647e-07
"Kruskal-Wallis chi-squared.571",49.7335409940574,5,1.57114510124401e-09
"Kruskal-Wallis chi-squared.572",52.7908132221181,5,3.71291873777788e-10
"Kruskal-Wallis chi-squared.573",53.7672012825732,5,2.33988613168518e-10
"Kruskal-Wallis chi-squared.574",64.4916768971659,5,1.42865033708976e-12
"Kruskal-Wallis chi-squared.575",53.3466200429418,5,2.85492235773109e-10
"Kruskal-Wallis chi-squared.576",54.5391821281332,5,1.62372185578711e-10
"Kruskal-Wallis chi-squared.577",49.1324878575284,5,2.08509599088789e-09
"Kruskal-Wallis chi-squared.578",57.7752584450272,5,3.49980130514042e-11
"Kruskal-Wallis chi-squared.579",56.0390285917468,5,7.97755508040015e-11
"Kruskal-Wallis chi-squared.580",46.8861302834348,5,5.99338929761261e-09
"Kruskal-Wallis chi-squared.581",50.1332475444171,5,1.30146151945595e-09
"Kruskal-Wallis chi-squared.582",43.6376875810681,5,2.743526716895e-08
"Kruskal-Wallis chi-squared.583",39.5458483634883,5,1.84378396608422e-07
"Kruskal-Wallis chi-squared.584",64.6031897591914,5,1.354572848982e-12
"Kruskal-Wallis chi-squared.585",57.1629397142192,5,4.68061444263153e-11
"Kruskal-Wallis chi-squared.586",52.4154769306189,5,4.43346900027767e-10
"Kruskal-Wallis chi-squared.587",34.3841725498612,5,1.99637862601379e-06
"Kruskal-Wallis chi-squared.588",52.382759478597,5,4.50253027655776e-10
"Kruskal-Wallis chi-squared.589",58.3476094295221,5,2.66663439899352e-11
"Kruskal-Wallis chi-squared.590",48.9630113540131,5,2.25822013180232e-09
"Kruskal-Wallis chi-squared.591",57.6778109151273,5,3.66557044120925e-11
"Kruskal-Wallis chi-squared.592",50.2782231332364,5,1.21550860407161e-09
"Kruskal-Wallis chi-squared.593",52.0039026855981,5,5.38484558458176e-10
"Kruskal-Wallis chi-squared.594",48.2149078623885,5,3.21061813097695e-09
"Kruskal-Wallis chi-squared.595",41.1117683878101,5,8.90739699563885e-08
"Kruskal-Wallis chi-squared.596",46.2941972292967,5,7.91187915574441e-09
"Kruskal-Wallis chi-squared.597",59.5167463541026,5,1.52961424874312e-11
"Kruskal-Wallis chi-squared.598",51.4172188506284,5,7.10328216400635e-10
"Kruskal-Wallis chi-squared.599",40.0145287290301,5,1.48332732798041e-07
"Kruskal-Wallis chi-squared.600",46.6741117349349,5,6.62037553794303e-09
"Kruskal-Wallis chi-squared.601",42.5880565102269,5,4.47806754436152e-08
"Kruskal-Wallis chi-squared.602",47.9778209089311,5,3.58914340999492e-09
"Kruskal-Wallis chi-squared.603",45.0023854683781,5,1.44925792045284e-08
"Kruskal-Wallis chi-squared.604",38.1528778999126,5,3.51559893828939e-07
"Kruskal-Wallis chi-squared.605",51.7169465983721,5,6.16618550110097e-10
"Kruskal-Wallis chi-squared.606",51.880784439963,5,5.70718816198239e-10
"Kruskal-Wallis chi-squared.607",39.6120874531475,5,1.78798154257902e-07
"Kruskal-Wallis chi-squared.608",54.113147953532,5,1.98655001126182e-10
"Kruskal-Wallis chi-squared.609",57.1059882872619,5,4.80886598066002e-11
"Kruskal-Wallis chi-squared.610",43.426633434639,5,3.02776562631662e-08
"Kruskal-Wallis chi-squared.611",49.2405153015657,5,1.98171870613802e-09
"Kruskal-Wallis chi-squared.612",51.4434577404115,5,7.01586231931617e-10
"Kruskal-Wallis chi-squared.613",41.9279908035965,5,6.09138419535485e-08
"Kruskal-Wallis chi-squared.614",56.9425233197523,5,5.19679422158439e-11
"Kruskal-Wallis chi-squared.615",49.9181543758659,5,1.44027981024674e-09
"Kruskal-Wallis chi-squared.616",44.6414031195396,5,1.71598723825813e-08
"Kruskal-Wallis chi-squared.617",48.4933678487758,5,2.81657649525502e-09
"Kruskal-Wallis chi-squared.618",43.9182932897393,5,2.40638917868326e-08
"Kruskal-Wallis chi-squared.619",45.3103579990932,5,1.25464554614623e-08
"Kruskal-Wallis chi-squared.620",55.7649943350912,5,9.08435930783747e-11
"Kruskal-Wallis chi-squared.621",45.6724068971974,5,1.05892470603057e-08
"Kruskal-Wallis chi-squared.622",52.8782321276598,5,3.56262851953141e-10
"Kruskal-Wallis chi-squared.623",47.8753428137712,5,3.7662363069968e-09
"Kruskal-Wallis chi-squared.624",46.3150286296181,5,7.83496143016955e-09
"Kruskal-Wallis chi-squared.625",56.6385327938783,5,6.00315695916517e-11
"Kruskal-Wallis chi-squared.626",44.2717570369529,5,2.03987221503172e-08
"Kruskal-Wallis chi-squared.627",52.1830894319206,5,4.94788759305914e-10
"Kruskal-Wallis chi-squared.628",60.8568262940136,5,8.08385931428276e-12
"Kruskal-Wallis chi-squared.629",53.6142123462402,5,2.51551780001361e-10
"Kruskal-Wallis chi-squared.630",38.2724095271458,5,3.32642263368722e-07
"Kruskal-Wallis chi-squared.631",40.8295546235019,5,1.01568458954799e-07
"Kruskal-Wallis chi-squared.632",57.0447783952897,5,4.95062047727257e-11
"Kruskal-Wallis chi-squared.633",51.1818266885057,5,7.93777493080686e-10
"Kruskal-Wallis chi-squared.634",43.1670190797495,5,3.41795762068993e-08
"Kruskal-Wallis chi-squared.635",43.5564041872986,5,2.84970209801204e-08
"Kruskal-Wallis chi-squared.636",44.7191291399333,5,1.65470197497278e-08
"Kruskal-Wallis chi-squared.637",43.7754074053034,5,2.57255550878863e-08
"Kruskal-Wallis chi-squared.638",58.1888247181485,5,2.87559524925217e-11
"Kruskal-Wallis chi-squared.639",44.5967165620473,5,1.75224061192123e-08
"Kruskal-Wallis chi-squared.640",49.0730894739998,5,2.1442115256008e-09
"Kruskal-Wallis chi-squared.641",31.9648233358476,5,6.03731563828954e-06
"Kruskal-Wallis chi-squared.642",54.1323886558755,5,1.96854176520599e-10
"Kruskal-Wallis chi-squared.643",48.914775523386,5,2.31006471095956e-09
"Kruskal-Wallis chi-squared.644",46.6868992803409,5,6.58077172559856e-09
"Kruskal-Wallis chi-squared.645",42.0312902316354,5,5.8051489286128e-08
"Kruskal-Wallis chi-squared.646",48.4557681605826,5,2.86682589627334e-09
"Kruskal-Wallis chi-squared.647",57.5634778016578,5,3.87008163971293e-11
"Kruskal-Wallis chi-squared.648",42.6429807729734,5,4.3648081674592e-08
"Kruskal-Wallis chi-squared.649",53.2752191009994,5,2.95296576756041e-10
"Kruskal-Wallis chi-squared.650",50.3167907476312,5,1.19361222253913e-09
"Kruskal-Wallis chi-squared.651",58.5152075713058,5,2.46249702114869e-11
"Kruskal-Wallis chi-squared.652",53.1813509834429,5,3.08698922041473e-10
"Kruskal-Wallis chi-squared.653",40.8985858767564,5,9.83596391856238e-08
"Kruskal-Wallis chi-squared.654",43.665530055576,5,2.70807203148805e-08
"Kruskal-Wallis chi-squared.655",50.611648409565,5,1.03871006081487e-09
"Kruskal-Wallis chi-squared.656",57.2771319676537,5,4.43365388862336e-11
"Kruskal-Wallis chi-squared.657",47.7227328529996,5,4.04623983775342e-09
"Kruskal-Wallis chi-squared.658",44.5423385395791,5,1.79738782272957e-08
"Kruskal-Wallis chi-squared.659",48.1523776837308,5,3.30640331714672e-09
"Kruskal-Wallis chi-squared.660",58.6407103911364,5,2.3199147617131e-11
"Kruskal-Wallis chi-squared.661",56.2586484274486,5,7.18851103324345e-11
"Kruskal-Wallis chi-squared.662",52.3857569885618,5,4.49615860272762e-10
"Kruskal-Wallis chi-squared.663",30.0120902934917,5,1.46679857956566e-05
"Kruskal-Wallis chi-squared.664",53.6281811592602,5,2.49895022587646e-10
"Kruskal-Wallis chi-squared.665",54.1262918569435,5,1.97423033437087e-10
"Kruskal-Wallis chi-squared.666",56.6314906337018,5,6.02324723354143e-11
"Kruskal-Wallis chi-squared.667",40.3579528587013,5,1.26462210275979e-07
"Kruskal-Wallis chi-squared.668",43.8525855022518,5,2.4814306154517e-08
"Kruskal-Wallis chi-squared.669",56.2903376748521,5,7.08127980410611e-11
"Kruskal-Wallis chi-squared.670",42.6365107843664,5,4.37800018589131e-08
"Kruskal-Wallis chi-squared.671",50.4468184988465,5,1.12264904729225e-09
"Kruskal-Wallis chi-squared.672",49.1111252076344,5,2.10616734692851e-09
"Kruskal-Wallis chi-squared.673",46.9427546500118,5,5.83620001406803e-09
"Kruskal-Wallis chi-squared.674",44.7765706840707,5,1.61081718977566e-08
"Kruskal-Wallis chi-squared.675",55.9516401410073,5,8.31505146853012e-11
"Kruskal-Wallis chi-squared.676",46.0387950523307,5,8.918425194243e-09
"Kruskal-Wallis chi-squared.677",52.1197275057885,5,5.09820105483189e-10
"Kruskal-Wallis chi-squared.678",44.9773917013557,5,1.4663134489453e-08
"Kruskal-Wallis chi-squared.679",51.447496078747,5,7.00250347144906e-10
"Kruskal-Wallis chi-squared.680",40.101929540527,5,1.42432931197221e-07
"Kruskal-Wallis chi-squared.681",44.6182923429579,5,1.73464223828595e-08
"Kruskal-Wallis chi-squared.682",42.8067649110183,5,4.04373939474341e-08
"Kruskal-Wallis chi-squared.683",45.735248566941,5,1.02819765789694e-08
"Kruskal-Wallis chi-squared.684",55.0387306711943,5,1.28163113686892e-10
"Kruskal-Wallis chi-squared.685",48.838199053429,5,2.39481927117887e-09
"Kruskal-Wallis chi-squared.686",53.781521246301,5,2.32408674376475e-10
"Kruskal-Wallis chi-squared.687",53.703338035681,5,2.41166222496392e-10
"Kruskal-Wallis chi-squared.688",41.3431300488434,5,7.99823688043242e-08
"Kruskal-Wallis chi-squared.689",50.9426497150714,5,8.88589308506559e-10
"Kruskal-Wallis chi-squared.690",41.1254921422402,5,8.85070479395094e-08
"Kruskal-Wallis chi-squared.691",51.4680327670528,5,6.93495963695516e-10
"Kruskal-Wallis chi-squared.692",48.3775675923032,5,2.97421729339085e-09
"Kruskal-Wallis chi-squared.693",50.5944720589025,5,1.04715645111498e-09
"Kruskal-Wallis chi-squared.694",54.4757341500901,5,1.67323979605226e-10
"Kruskal-Wallis chi-squared.695",47.8044210484236,5,3.89387285761303e-09
"Kruskal-Wallis chi-squared.696",49.2530710959205,5,1.97003998476864e-09
"Kruskal-Wallis chi-squared.697",45.9681698925613,5,9.21863486527476e-09
"Kruskal-Wallis chi-squared.698",44.9997188059193,5,1.45106816220006e-08
"Kruskal-Wallis chi-squared.699",40.9620751449891,5,9.54976745499844e-08
"Kruskal-Wallis chi-squared.700",46.1273547768804,5,8.55571849172615e-09
"Kruskal-Wallis chi-squared.701",45.7299830420928,5,1.03073780172254e-08
"Kruskal-Wallis chi-squared.702",49.9032007523756,5,1.45046245084365e-09
"Kruskal-Wallis chi-squared.703",45.5118376606504,5,1.14165865533864e-08
"Kruskal-Wallis chi-squared.704",43.0720450688995,5,3.57289364980988e-08
"Kruskal-Wallis chi-squared.705",56.8204454816961,5,5.50673947707684e-11
"Kruskal-Wallis chi-squared.706",49.1877880976951,5,2.03152134553621e-09
"Kruskal-Wallis chi-squared.707",47.4436508838205,5,4.61306674859546e-09
"Kruskal-Wallis chi-squared.708",49.2429673076377,5,1.97943256933199e-09
"Kruskal-Wallis chi-squared.709",45.5246651286729,5,1.13481881363337e-08
"Kruskal-Wallis chi-squared.710",54.0224604955454,5,2.07366697713487e-10
"Kruskal-Wallis chi-squared.711",46.4733269583385,5,7.27431183276395e-09
"Kruskal-Wallis chi-squared.712",40.606849858351,5,1.12648659991047e-07
"Kruskal-Wallis chi-squared.713",48.0624129881579,5,3.44923436421221e-09
"Kruskal-Wallis chi-squared.714",44.7890257514026,5,1.60145577981695e-08
"Kruskal-Wallis chi-squared.715",43.420650144279,5,3.0362377909869e-08
"Kruskal-Wallis chi-squared.716",40.2775370323031,5,1.31276282135092e-07
"Kruskal-Wallis chi-squared.717",51.2770453371541,5,7.58903975143066e-10
"Kruskal-Wallis chi-squared.718",50.5916178811242,5,1.04856660323693e-09
"Kruskal-Wallis chi-squared.719",57.5145076894431,5,3.96112315934285e-11
"Kruskal-Wallis chi-squared.720",46.5699514195936,5,6.95194551229852e-09
"Kruskal-Wallis chi-squared.721",47.3284858650795,5,4.86944659548145e-09
"Kruskal-Wallis chi-squared.722",47.647577186355,5,4.1916677819493e-09
"Kruskal-Wallis chi-squared.723",47.3317790338411,5,4.86192167793461e-09
"Kruskal-Wallis chi-squared.724",51.0856097114525,5,8.30640670552864e-10
"Kruskal-Wallis chi-squared.725",55.373795194348,5,1.09349804265785e-10
"Kruskal-Wallis chi-squared.726",52.2988391407853,5,4.68461966758175e-10
"Kruskal-Wallis chi-squared.727",59.0495074106686,5,1.91019358297366e-11
"Kruskal-Wallis chi-squared.728",42.2115765067763,5,5.33732817401136e-08
"Kruskal-Wallis chi-squared.729",52.2360810508011,5,4.8255766726414e-10
"Kruskal-Wallis chi-squared.730",35.1960821133002,5,1.37497665147623e-06
"Kruskal-Wallis chi-squared.731",42.8095682255949,5,4.0384540251947e-08
"Kruskal-Wallis chi-squared.732",54.6535298115169,5,1.53814303238888e-10
"Kruskal-Wallis chi-squared.733",47.0565320553888,5,5.5326746658659e-09
"Kruskal-Wallis chi-squared.734",55.0636846207983,5,1.26656981666173e-10
"Kruskal-Wallis chi-squared.735",50.4447993822777,5,1.1237181504862e-09
"Kruskal-Wallis chi-squared.736",43.5639358860664,5,2.8396941374465e-08
"Kruskal-Wallis chi-squared.737",42.4016201533996,5,4.88481241721277e-08
"Kruskal-Wallis chi-squared.738",46.6800231225062,5,6.60203815647034e-09
"Kruskal-Wallis chi-squared.739",60.0494859502897,5,1.187171153145e-11
"Kruskal-Wallis chi-squared.740",51.8851941270096,5,5.69531719305429e-10
"Kruskal-Wallis chi-squared.741",48.5316824621366,5,2.76627522886935e-09
"Kruskal-Wallis chi-squared.742",55.7319835912261,5,9.2276333821189e-11
"Kruskal-Wallis chi-squared.743",57.6798661145879,5,3.66199469307867e-11
"Kruskal-Wallis chi-squared.744",47.2977663848415,5,4.94020272615606e-09
"Kruskal-Wallis chi-squared.745",46.7124953581411,5,6.50220738093325e-09
"Kruskal-Wallis chi-squared.746",54.3022057377058,5,1.81650219578862e-10
"Kruskal-Wallis chi-squared.747",53.2630266603127,5,2.9700403588707e-10
"Kruskal-Wallis chi-squared.748",48.3556868951776,5,3.00497761778732e-09
"Kruskal-Wallis chi-squared.749",49.1058081883969,5,2.11144479132238e-09
"Kruskal-Wallis chi-squared.750",62.1571974849277,5,4.35090516844082e-12
"Kruskal-Wallis chi-squared.751",58.9200529881999,5,2.03144910822577e-11
"Kruskal-Wallis chi-squared.752",53.0381105293666,5,3.30329423023909e-10
"Kruskal-Wallis chi-squared.753",44.0745069635773,5,2.23694284368679e-08
"Kruskal-Wallis chi-squared.754",40.5198043528802,5,1.17299701565424e-07
"Kruskal-Wallis chi-squared.755",54.0753242463358,5,2.02243154782177e-10
"Kruskal-Wallis chi-squared.756",41.8596340269033,5,6.28848462941617e-08
"Kruskal-Wallis chi-squared.757",57.9471984737884,5,3.22535262317064e-11
"Kruskal-Wallis chi-squared.758",58.8223516682814,5,2.12802378469863e-11
"Kruskal-Wallis chi-squared.759",41.9897640831106,5,5.91856753270754e-08
"Kruskal-Wallis chi-squared.760",36.5389704698877,5,7.40907076898306e-07
"Kruskal-Wallis chi-squared.761",44.8442085906738,5,1.56062772904797e-08
"Kruskal-Wallis chi-squared.762",49.0158341302077,5,2.20277586751147e-09
"Kruskal-Wallis chi-squared.763",57.7278434738883,5,3.5795032558925e-11
"Kruskal-Wallis chi-squared.764",41.0397250546766,5,9.21099284580787e-08
"Kruskal-Wallis chi-squared.765",45.1823515736033,5,1.33215225130074e-08
"Kruskal-Wallis chi-squared.766",57.7484860965149,5,3.54458386205815e-11
"Kruskal-Wallis chi-squared.767",48.610311238611,5,2.66583621339787e-09
"Kruskal-Wallis chi-squared.768",53.372847255754,5,2.81973025179651e-10
"Kruskal-Wallis chi-squared.769",45.8821827309173,5,9.59777736815077e-09
"Kruskal-Wallis chi-squared.770",50.3274295200134,5,1.18764170922282e-09
"Kruskal-Wallis chi-squared.771",43.8441737175582,5,2.49120417822802e-08
"Kruskal-Wallis chi-squared.772",49.408852301047,5,1.83072508070734e-09
"Kruskal-Wallis chi-squared.773",54.880235937929,5,1.38155490176352e-10
"Kruskal-Wallis chi-squared.774",46.5340419992237,5,7.07005155545988e-09
"Kruskal-Wallis chi-squared.775",56.706726461173,5,5.81203676709197e-11
"Kruskal-Wallis chi-squared.776",34.9710434793586,5,1.52480466676563e-06
"Kruskal-Wallis chi-squared.777",47.6176671516291,5,4.2509840095284e-09
"Kruskal-Wallis chi-squared.778",42.9831964182207,5,3.72416695855745e-08
"Kruskal-Wallis chi-squared.779",45.1633242652713,5,1.34407363132707e-08
"Kruskal-Wallis chi-squared.780",48.7584134152615,5,2.48642621354438e-09
"Kruskal-Wallis chi-squared.781",49.6166193801948,5,1.66009374274415e-09
"Kruskal-Wallis chi-squared.782",40.6453140631756,5,1.10652400065225e-07
"Kruskal-Wallis chi-squared.783",43.3030518446984,5,3.20763323385248e-08
"Kruskal-Wallis chi-squared.784",50.8418047126571,5,9.31875989534799e-10
"Kruskal-Wallis chi-squared.785",56.9559747167282,5,5.16372555849067e-11
"Kruskal-Wallis chi-squared.786",49.0400788353326,5,2.17778460118292e-09
"Kruskal-Wallis chi-squared.787",50.6533720146141,5,1.01847465671101e-09
"Kruskal-Wallis chi-squared.788",50.115470145352,5,1.31241028890924e-09
"Kruskal-Wallis chi-squared.789",54.8199070786638,5,1.42160030839845e-10
"Kruskal-Wallis chi-squared.790",43.7010812769767,5,2.66346408607854e-08
"Kruskal-Wallis chi-squared.791",49.2218795399484,5,1.99918011368962e-09
"Kruskal-Wallis chi-squared.792",50.7626168617562,5,9.67335801609863e-10
"Kruskal-Wallis chi-squared.793",40.2429744610973,5,1.33401046635904e-07
"Kruskal-Wallis chi-squared.794",48.1600119504855,5,3.29455791585792e-09
"Kruskal-Wallis chi-squared.795",41.0074485398001,5,9.35033137905836e-08
"Kruskal-Wallis chi-squared.796",54.8938437642345,5,1.37267897395338e-10
"Kruskal-Wallis chi-squared.797",52.8831578631775,5,3.55434321050769e-10
"Kruskal-Wallis chi-squared.798",46.713637965514,5,6.4987221636011e-09
"Kruskal-Wallis chi-squared.799",47.8729482983708,5,3.77047682978886e-09
"Kruskal-Wallis chi-squared.800",55.3145643911301,5,1.12462399066812e-10
"Kruskal-Wallis chi-squared.801",52.5843694803959,5,4.09342253812335e-10
"Kruskal-Wallis chi-squared.802",52.5482377767889,5,4.16391064508479e-10
"Kruskal-Wallis chi-squared.803",45.015153762562,5,1.4406214179621e-08
"Kruskal-Wallis chi-squared.804",45.7143186487536,5,1.03833151908529e-08
"Kruskal-Wallis chi-squared.805",41.2392121095447,5,8.39455424537143e-08
"Kruskal-Wallis chi-squared.806",45.7898970533006,5,1.00220037670259e-08
"Kruskal-Wallis chi-squared.807",54.5269104208023,5,1.63318386803553e-10
"Kruskal-Wallis chi-squared.808",48.3537524629466,5,3.00771229886286e-09
"Kruskal-Wallis chi-squared.809",49.4101964150648,5,1.82956683940573e-09
"Kruskal-Wallis chi-squared.810",52.1890532080636,5,4.93396946625257e-10
"Kruskal-Wallis chi-squared.811",54.2442625046156,5,1.86701489379388e-10
"Kruskal-Wallis chi-squared.812",55.5501905134606,5,1.00580280450354e-10
"Kruskal-Wallis chi-squared.813",48.9659821963015,5,2.2550652360939e-09
"Kruskal-Wallis chi-squared.814",49.1328753015236,5,2.0847157776774e-09
"Kruskal-Wallis chi-squared.815",47.843453690291,5,3.82310195463858e-09
"Kruskal-Wallis chi-squared.816",53.1614420638151,5,3.11618587856976e-10
"Kruskal-Wallis chi-squared.817",50.2319678115358,5,1.24229867601271e-09
"Kruskal-Wallis chi-squared.818",43.7324195840684,5,2.62475006766169e-08
"Kruskal-Wallis chi-squared.819",44.2581336939518,5,2.05290845574797e-08
"Kruskal-Wallis chi-squared.820",50.5859022669104,5,1.05139619138939e-09
"Kruskal-Wallis chi-squared.821",53.7667525607807,5,2.3403829398321e-10
"Kruskal-Wallis chi-squared.822",51.1998908571422,5,7.87040858762477e-10
"Kruskal-Wallis chi-squared.823",50.1384961323979,5,1.29824646733884e-09
"Kruskal-Wallis chi-squared.824",57.3585038854857,5,4.26565026012088e-11
"Kruskal-Wallis chi-squared.825",47.3016037425218,5,4.93130841302174e-09
"Kruskal-Wallis chi-squared.826",48.0175348652257,5,3.52276830331904e-09
"Kruskal-Wallis chi-squared.827",53.332219129403,5,2.87443177596338e-10
"Kruskal-Wallis chi-squared.828",48.9756185375594,5,2.24486211671479e-09
"Kruskal-Wallis chi-squared.829",51.089860812612,5,8.28976474297992e-10
"Kruskal-Wallis chi-squared.830",40.2662638637729,5,1.31965579181882e-07
"Kruskal-Wallis chi-squared.831",44.56996840906,5,1.77430513476906e-08
"Kruskal-Wallis chi-squared.832",47.1468314907915,5,5.30302783102461e-09
"Kruskal-Wallis chi-squared.833",49.9680873121823,5,1.40679186705004e-09
"Kruskal-Wallis chi-squared.834",54.7296197936227,5,1.48370584115494e-10
"Kruskal-Wallis chi-squared.835",47.8588335232156,5,3.7955700638741e-09
"Kruskal-Wallis chi-squared.836",50.5480567311425,5,1.07032527654389e-09
"Kruskal-Wallis chi-squared.837",52.4955187783575,5,4.26893657321553e-10
"Kruskal-Wallis chi-squared.838",61.8725317145475,5,4.98308752745492e-12
"Kruskal-Wallis chi-squared.839",55.5643947594597,5,9.99054314460124e-11
"Kruskal-Wallis chi-squared.840",47.5501846223763,5,4.38790510941354e-09
"Kruskal-Wallis chi-squared.841",45.3941522571795,5,1.20636057926054e-08
"Kruskal-Wallis chi-squared.842",53.9182048708747,5,2.17853808786842e-10
"Kruskal-Wallis chi-squared.843",48.1756747132567,5,3.27038774755053e-09
"Kruskal-Wallis chi-squared.844",50.3741142070863,5,1.16179233889607e-09
"Kruskal-Wallis chi-squared.845",52.9630514344265,5,3.42261217926725e-10
"Kruskal-Wallis chi-squared.846",53.7203291853788,5,2.39235404973157e-10
"Kruskal-Wallis chi-squared.847",51.0664967194024,5,8.381641876524e-10
"Kruskal-Wallis chi-squared.848",52.0711058617341,5,5.21662818374015e-10
"Kruskal-Wallis chi-squared.849",51.2694468902964,5,7.6162985157376e-10
"Kruskal-Wallis chi-squared.850",47.4121654048174,5,4.68179172457306e-09
"Kruskal-Wallis chi-squared.851",49.4179506600644,5,1.82289915827974e-09
"Kruskal-Wallis chi-squared.852",51.4432042133877,5,7.0167018359487e-10
"Kruskal-Wallis chi-squared.853",44.4720264488648,5,1.85748740855899e-08
"Kruskal-Wallis chi-squared.854",55.3174426066365,5,1.12309124249897e-10
"Kruskal-Wallis chi-squared.855",47.319596849953,5,4.88981610141974e-09
"Kruskal-Wallis chi-squared.856",50.0338107215632,5,1.36389502102451e-09
"Kruskal-Wallis chi-squared.857",57.520473096154,5,3.94991937962049e-11
"Kruskal-Wallis chi-squared.858",41.0872416996199,5,9.00961815748426e-08
"Kruskal-Wallis chi-squared.859",45.0062021020651,5,1.44667094654947e-08
"Kruskal-Wallis chi-squared.860",60.9708899955712,5,7.65650577136341e-12
"Kruskal-Wallis chi-squared.861",41.3968431151634,5,7.80075394953157e-08
"Kruskal-Wallis chi-squared.862",51.7770669553298,5,5.99362835996878e-10
"Kruskal-Wallis chi-squared.863",59.2659687835647,5,1.72336746608316e-11
"Kruskal-Wallis chi-squared.864",52.1127017564899,5,5.11514633437161e-10
"Kruskal-Wallis chi-squared.865",56.817357396309,5,5.51481461070074e-11
"Kruskal-Wallis chi-squared.866",52.1278546774685,5,5.07866912841128e-10
"Kruskal-Wallis chi-squared.867",52.8017795282714,5,3.69372388626065e-10
"Kruskal-Wallis chi-squared.868",58.1997071815474,5,2.86076622727794e-11
"Kruskal-Wallis chi-squared.869",41.9384661509864,5,6.06172835369994e-08
"Kruskal-Wallis chi-squared.870",37.0326917311267,5,5.89977383245181e-07
"Kruskal-Wallis chi-squared.871",49.3684832246113,5,1.86585459448449e-09
"Kruskal-Wallis chi-squared.872",50.2392044826944,5,1.23806881458594e-09
"Kruskal-Wallis chi-squared.873",44.194626857664,5,2.11478281673973e-08
"Kruskal-Wallis chi-squared.874",52.3354574374414,5,4.60427926262413e-10
"Kruskal-Wallis chi-squared.875",52.7300160216456,5,3.8211545708072e-10
"Kruskal-Wallis chi-squared.876",49.6565234817571,5,1.62918574892285e-09
"Kruskal-Wallis chi-squared.877",47.803703230313,5,3.89518650930081e-09
"Kruskal-Wallis chi-squared.878",56.4789357440492,5,6.47532131974922e-11
"Kruskal-Wallis chi-squared.879",47.4323014993861,5,4.63772289560067e-09
"Kruskal-Wallis chi-squared.880",50.4100175785749,5,1.142295044098e-09
"Kruskal-Wallis chi-squared.881",42.0457652571196,5,5.76612509818092e-08
"Kruskal-Wallis chi-squared.882",54.7424174380306,5,1.47474076683751e-10
"Kruskal-Wallis chi-squared.883",51.5064504217911,5,6.81034686747298e-10
"Kruskal-Wallis chi-squared.884",45.8276954603936,5,9.84603421178953e-09
"Kruskal-Wallis chi-squared.885",62.331782400175,5,4.00348715170511e-12
"Kruskal-Wallis chi-squared.886",59.8704208653793,5,1.29275168796849e-11
"Kruskal-Wallis chi-squared.887",50.5336685465537,5,1.07761063183814e-09
"Kruskal-Wallis chi-squared.888",47.797588442534,5,3.90639488386066e-09
"Kruskal-Wallis chi-squared.889",42.3630430185917,5,4.97346583203993e-08
"Kruskal-Wallis chi-squared.890",44.136918531563,5,2.17261817028937e-08
"Kruskal-Wallis chi-squared.891",39.6032951149235,5,1.79529060892957e-07
"Kruskal-Wallis chi-squared.892",57.8456151396661,5,3.38478832494014e-11
"Kruskal-Wallis chi-squared.893",59.0612675404407,5,1.89954292791941e-11
"Kruskal-Wallis chi-squared.894",45.3765889359124,5,1.21632523947127e-08
"Kruskal-Wallis chi-squared.895",49.5519927118871,5,1.71139621762391e-09
"Kruskal-Wallis chi-squared.896",50.3077588737088,5,1.19870443215683e-09
"Kruskal-Wallis chi-squared.897",42.1249851407917,5,5.55713721896987e-08
"Kruskal-Wallis chi-squared.898",48.681027920584,5,2.57861464478423e-09
"Kruskal-Wallis chi-squared.899",38.0659267569897,5,3.65990668019024e-07
"Kruskal-Wallis chi-squared.900",47.997374259538,5,3.5563088945617e-09
"Kruskal-Wallis chi-squared.901",53.0484181386487,5,3.28723613426197e-10
"Kruskal-Wallis chi-squared.902",42.8352851232236,5,3.99028752702036e-08
"Kruskal-Wallis chi-squared.903",41.8446830859604,5,6.33243415988142e-08
"Kruskal-Wallis chi-squared.904",49.8285510352003,5,1.50237914065134e-09
"Kruskal-Wallis chi-squared.905",47.2775504450399,5,4.98732448815878e-09
"Kruskal-Wallis chi-squared.906",55.20268901702,5,1.18584713682549e-10
"Kruskal-Wallis chi-squared.907",43.4248842559718,5,3.03023997215133e-08
"Kruskal-Wallis chi-squared.908",43.1448141625876,5,3.45357091800973e-08
"Kruskal-Wallis chi-squared.909",45.6243154507363,5,1.08305640262087e-08
"Kruskal-Wallis chi-squared.910",46.9774769116831,5,5.74185135255201e-09
"Kruskal-Wallis chi-squared.911",42.0417409101095,5,5.77694819466049e-08
"Kruskal-Wallis chi-squared.912",48.6815180903629,5,2.57802011431868e-09
"Kruskal-Wallis chi-squared.913",43.1728482551345,5,3.40866932248664e-08
"Kruskal-Wallis chi-squared.914",54.0078016892685,5,2.08810224166973e-10
"Kruskal-Wallis chi-squared.915",52.9750452614115,5,3.40326143294728e-10
"Kruskal-Wallis chi-squared.916",49.0407291689679,5,2.17711815104249e-09
"Kruskal-Wallis chi-squared.917",46.5532597684173,5,7.00659762354469e-09
"Kruskal-Wallis chi-squared.918",69.4659446406386,5,1.32359674172186e-13
"Kruskal-Wallis chi-squared.919",49.8424871842616,5,1.49254819327297e-09
"Kruskal-Wallis chi-squared.920",50.0478362888693,5,1.35491101684918e-09
"Kruskal-Wallis chi-squared.921",49.3237689474631,5,1.90555065843761e-09
"Kruskal-Wallis chi-squared.922",42.7780130529598,5,4.09834768083141e-08
"Kruskal-Wallis chi-squared.923",42.2920764389237,5,5.14076135267801e-08
"Kruskal-Wallis chi-squared.924",51.3821727897125,5,7.22174213634159e-10
"Kruskal-Wallis chi-squared.925",46.7732532671849,5,6.319442334804e-09
"Kruskal-Wallis chi-squared.926",35.4718019038722,5,1.21123349014266e-06
"Kruskal-Wallis chi-squared.927",48.5744563633705,5,2.71117734610422e-09
"Kruskal-Wallis chi-squared.928",42.219428112465,5,5.31783082249264e-08
"Kruskal-Wallis chi-squared.929",44.6582043343653,5,1.70255098298954e-08
"Kruskal-Wallis chi-squared.930",53.1509102251341,5,3.13174220556854e-10
"Kruskal-Wallis chi-squared.931",50.4992450996172,5,1.0952420805463e-09
"Kruskal-Wallis chi-squared.932",44.8680837354524,5,1.54328643027005e-08
"Kruskal-Wallis chi-squared.933",45.09918229645,5,1.38505025986328e-08
"Kruskal-Wallis chi-squared.934",46.5979367002984,5,6.86126770115782e-09
"Kruskal-Wallis chi-squared.935",40.5547031892858,5,1.15412435478956e-07
"Kruskal-Wallis chi-squared.936",51.4766831932623,5,6.90670386403214e-10
"Kruskal-Wallis chi-squared.937",35.7651297774328,5,1.05829108389767e-06
"Kruskal-Wallis chi-squared.938",47.0646063651063,5,5.51174282255393e-09
"Kruskal-Wallis chi-squared.939",52.2059773992756,5,4.89468451708991e-10
"Kruskal-Wallis chi-squared.940",54.8463446873465,5,1.40391077780061e-10
"Kruskal-Wallis chi-squared.941",50.9547809831589,5,8.83519138891119e-10
"Kruskal-Wallis chi-squared.942",47.7969455779522,5,3.90757511821795e-09
"Kruskal-Wallis chi-squared.943",42.0678836489797,5,5.70699949508763e-08
"Kruskal-Wallis chi-squared.944",51.8093513600514,5,5.902962761734e-10
"Kruskal-Wallis chi-squared.945",48.9125739409986,5,2.31245912745938e-09
"Kruskal-Wallis chi-squared.946",52.8981408894905,5,3.52925908186518e-10
"Kruskal-Wallis chi-squared.947",50.9170529534846,5,8.99382710840933e-10
"Kruskal-Wallis chi-squared.948",45.2390755626249,5,1.29723431641801e-08
"Kruskal-Wallis chi-squared.949",49.8549733375833,5,1.4837946273755e-09
"Kruskal-Wallis chi-squared.950",45.8859973132448,5,9.58063284171123e-09
"Kruskal-Wallis chi-squared.951",56.7250750850262,5,5.76165776598326e-11
"Kruskal-Wallis chi-squared.952",42.6752217835468,5,4.29965839331482e-08
"Kruskal-Wallis chi-squared.953",57.7071231099876,5,3.61489946555975e-11
"Kruskal-Wallis chi-squared.954",56.5367249147633,5,6.30021884187011e-11
"Kruskal-Wallis chi-squared.955",46.0816885110179,5,8.74087464168971e-09
"Kruskal-Wallis chi-squared.956",48.6593861279691,5,2.60500088555224e-09
"Kruskal-Wallis chi-squared.957",48.5089141048339,5,2.79605757166889e-09
"Kruskal-Wallis chi-squared.958",44.1673076902847,5,2.14196828867949e-08
"Kruskal-Wallis chi-squared.959",46.3738941330059,5,7.62161362569204e-09
"Kruskal-Wallis chi-squared.960",49.2774194210116,5,1.94758777182648e-09
"Kruskal-Wallis chi-squared.961",54.0662805902446,5,2.03110619540147e-10
"Kruskal-Wallis chi-squared.962",53.2494704335943,5,2.98914050957652e-10
"Kruskal-Wallis chi-squared.963",43.5780470318929,5,2.82103775431055e-08
"Kruskal-Wallis chi-squared.964",52.8145637599425,5,3.67147199012011e-10
"Kruskal-Wallis chi-squared.965",46.8296930113856,5,6.15425948633417e-09
"Kruskal-Wallis chi-squared.966",49.0349949347194,5,2.18300150824247e-09
"Kruskal-Wallis chi-squared.967",50.4768890656214,5,1.1068465213048e-09
"Kruskal-Wallis chi-squared.968",49.0489136209234,5,2.16874824142702e-09
"Kruskal-Wallis chi-squared.969",54.5466558102398,5,1.61798615015587e-10
"Kruskal-Wallis chi-squared.970",51.0877862567313,5,8.29788193359854e-10
"Kruskal-Wallis chi-squared.971",47.6846162747517,5,4.11935625593472e-09
"Kruskal-Wallis chi-squared.972",64.0267961758447,5,1.78363084419908e-12
"Kruskal-Wallis chi-squared.973",52.7649055480339,5,3.75866241140858e-10
"Kruskal-Wallis chi-squared.974",55.3284261652512,5,1.11726125507155e-10
"Kruskal-Wallis chi-squared.975",48.2422747370314,5,3.16957236973569e-09
"Kruskal-Wallis chi-squared.976",54.0087372671049,5,2.08717794278994e-10
"Kruskal-Wallis chi-squared.977",40.3988178382035,5,1.24083645448491e-07
"Kruskal-Wallis chi-squared.978",52.5346273205349,5,4.19077571587667e-10
"Kruskal-Wallis chi-squared.979",53.3500710612053,5,2.85026680227759e-10
"Kruskal-Wallis chi-squared.980",49.6046847270482,5,1.66945093101144e-09
"Kruskal-Wallis chi-squared.981",48.3703309211447,5,2.98435583666662e-09
"Kruskal-Wallis chi-squared.982",57.285638325291,5,4.41578661587861e-11
"Kruskal-Wallis chi-squared.983",48.9666564098679,5,2.25434986505507e-09
"Kruskal-Wallis chi-squared.984",38.514163744794,5,2.97423578227981e-07
"Kruskal-Wallis chi-squared.985",50.5930360018893,5,1.04786572139453e-09
"Kruskal-Wallis chi-squared.986",56.7397944853138,5,5.72155860809554e-11
"Kruskal-Wallis chi-squared.987",53.7320009488853,5,2.37918009731825e-10
"Kruskal-Wallis chi-squared.988",43.8496968721498,5,2.48478256756037e-08
"Kruskal-Wallis chi-squared.989",52.4967969332698,5,4.2663592567362e-10
"Kruskal-Wallis chi-squared.990",48.9866963535239,5,2.23318961860715e-09
"Kruskal-Wallis chi-squared.991",47.4765460677538,5,4.54233914779661e-09
"Kruskal-Wallis chi-squared.992",59.2121381059532,5,1.76805080356319e-11
"Kruskal-Wallis chi-squared.993",43.8294425351019,5,2.50841270606031e-08
"Kruskal-Wallis chi-squared.994",36.916033164701,5,6.22615673922665e-07
"Kruskal-Wallis chi-squared.995",54.7627697143561,5,1.46059469412392e-10
"Kruskal-Wallis chi-squared.996",42.7392456676861,5,4.17314369376939e-08
"Kruskal-Wallis chi-squared.997",49.6481233214354,5,1.6356440902896e-09
"Kruskal-Wallis chi-squared.998",57.5407504715498,5,3.91207188903168e-11
"Kruskal-Wallis chi-squared.999",53.0447589862706,5,3.29292774514593e-10
"Kruskal-Wallis chi-squared.1000",51.9158037280044,5,5.61359173073976e-10
