"chi","df","p_value"
45.4031144900688,5,1.20130720409852e-08
54.4008805593164,5,1.73360027883951e-10
41.6355147177171,5,6.98037822975275e-08
53.2306704054012,5,3.01583196553802e-10
51.7922438088385,5,5.95083483400357e-10
51.9467496993969,5,5.53215753538164e-10
49.1535975063882,5,2.06448074469335e-09
39.1275390836629,5,2.23851453736289e-07
51.6751944846827,5,6.28892983998813e-10
49.2098842927911,5,2.01050055931071e-09
52.8487405177211,5,3.61263937511096e-10
51.7479742033623,5,6.07652016572794e-10
46.2027139489306,5,8.25868376791197e-09
46.3029252915824,5,7.87956049514474e-09
48.5149956500654,5,2.78807139510257e-09
44.1861989776864,5,2.12313256302663e-08
40.77924597276,5,1.03972483090054e-07
40.6031286917901,5,1.12843678433916e-07
48.0930749777243,5,3.39987613912151e-09
54.6314634926346,5,1.55429959912832e-10
54.7103715696269,5,1.49729222760889e-10
59.4463450029403,5,1.58169890726366e-11
41.8965591333373,5,6.18123812779066e-08
51.0758936827588,5,8.34456769262552e-10
49.4570078130507,5,1.78968159831048e-09
54.5392867474797,5,1.62364142541308e-10
55.0249824582443,5,1.29000529685086e-10
50.6870464522522,5,1.00243014131527e-09
56.5120222830266,5,6.37448250527676e-11
61.6506430223787,5,5.53879292191715e-12
40.9859698039846,5,9.44421731142458e-08
48.8939239250612,5,2.33284223475996e-09
49.5867102396514,5,1.68364293561518e-09
48.9838536423207,5,2.23617914641145e-09
60.0433160913918,5,1.19066162677295e-11
42.7852548788173,5,4.08452445621405e-08
58.2402292157809,5,2.80621692465272e-11
61.9542421067359,5,4.79278300706941e-12
42.4214826807379,5,4.83978264826819e-08
51.3974833497968,5,7.16975005590492e-10
40.1053056578605,5,1.42209783813873e-07
47.5714552240769,5,4.34427929439482e-09
46.3086713079996,5,7.85835577590649e-09
51.271950180362,5,7.60730740937785e-10
54.8545636968238,5,1.39845628824818e-10
47.6104809228805,5,4.26535968498571e-09
56.8201639194226,5,5.50747525409138e-11
47.4663373971296,5,4.56417219992763e-09
43.0715372784663,5,3.5737405692646e-08
58.8976302061143,5,2.05321911959254e-11
53.2627720813095,5,2.97039792547888e-10
50.2056719044718,5,1.25779045538352e-09
45.7312213795868,5,1.03013985275097e-08
53.1039341923797,5,3.20207841808836e-10
44.4058158152472,5,1.91591121986756e-08
43.0065315819981,5,3.68382931122724e-08
53.9811754606881,5,2.11457939244652e-10
49.1216382158851,5,2.09577128086953e-09
45.9783795099669,5,9.1746212451911e-09
55.2260176059265,5,1.17281207844857e-10
52.848224627047,5,3.61352040997228e-10
56.2475176969227,5,7.22655893343763e-11
49.3256200629295,5,1.9038906984576e-09
46.8410251959575,5,6.1216161356049e-09
47.2078570759813,5,5.15323687953467e-09
51.8931449869502,5,5.67397553076895e-10
56.0696187837225,5,7.862674468226e-11
55.6583372519564,5,9.55545505421631e-11
52.1456308141584,5,5.03620781125615e-10
58.2336612878962,5,2.81498740255817e-11
43.4535127694513,5,2.98999502050838e-08
53.6554263198922,5,2.46694900499883e-10
53.2295734013333,5,3.01739676662201e-10
68.1053312209588,5,2.539170892298e-13
44.3500409219968,5,1.96654560999805e-08
52.3344072990535,5,4.60656400208007e-10
57.430896475764,5,4.1215346327642e-11
52.1948691285087,5,4.9204340236748e-10
49.9551076227476,5,1.41542135872847e-09
59.4265135089929,5,1.59668775627597e-11
47.7991294870864,5,3.90356712922144e-09
52.8223919064916,5,3.65791260195201e-10
48.9461823143336,5,2.27617506750797e-09
57.2190972649589,5,4.55749415360069e-11
53.5733806092853,5,2.56457696122954e-10
49.7912421666987,5,1.52901693590933e-09
44.1936271090871,5,2.11577158315755e-08
45.0229174753758,5,1.43539512902477e-08
62.466228043876,5,3.75494263120471e-12
52.9069227079211,5,3.51463901226009e-10
53.6653276021498,5,2.4554208868176e-10
42.8946849795233,5,3.88121164422289e-08
44.5807898576567,5,1.76534536919919e-08
48.7513557909885,5,2.49469584333687e-09
51.8233446315916,5,5.86409119416542e-10
44.2239990679463,5,2.08593791037701e-08
45.8464123296188,5,9.76004209208961e-09
46.9436119079855,5,5.83385213122968e-09
60.5788642620523,5,9.2276629299265e-12
56.7973820441852,5,5.5673350430129e-11
44.5699136535349,5,1.77435058542181e-08
51.1503844458541,5,8.05640674414058e-10
38.8828784048627,5,2.50729214542674e-07
43.3001853061627,5,3.21192934808451e-08
50.2356005592322,5,1.24017352251322e-09
50.3991989177236,5,1.14813549715923e-09
41.6182323801349,5,7.03677995699967e-08
45.5030722004989,5,1.14635618329803e-08
50.9839257555053,5,8.71455950735627e-10
44.2253008397952,5,2.0846686241139e-08
45.153823313756,5,1.35006611542359e-08
56.314783571028,5,6.99965094726727e-11
60.9955077325743,5,7.56727362543533e-12
48.555613204024,5,2.73531339560676e-09
45.7922455972034,5,1.00109793933853e-08
50.6246008527344,5,1.03238573629449e-09
41.3297319872206,5,8.04826785892681e-08
51.9792254065637,5,5.44796502807605e-10
53.1582739753984,5,3.12085726037902e-10
53.6372079310827,5,2.48830207041095e-10
56.4876384010335,5,6.44864468882868e-11
46.1836739116484,5,8.33274661613318e-09
56.0270092016634,5,8.02315062447363e-11
50.6749352769704,5,1.00817138521972e-09
52.3485050321432,5,4.57598630321022e-10
51.6594086929262,5,6.33596989936779e-10
48.6732667325206,5,2.58804649068293e-09
46.4081371128847,5,7.50018117468328e-09
52.8118710609948,5,3.67614768467906e-10
51.3898090552279,5,7.19576381908131e-10
52.403563527455,5,4.45849306059654e-10
53.0536466864228,5,3.27912044437692e-10
67.3754419628252,5,3.60056131105092e-13
58.0699922363924,5,3.04260218545764e-11
53.6376977326689,5,2.48772558765151e-10
44.6038597648406,5,1.74639460981174e-08
48.2573712193177,5,3.14715456266116e-09
52.1689329457841,5,4.98108273429675e-10
52.3450247162549,5,4.58351616021146e-10
51.8416499138955,5,5.81362669005537e-10
56.5264114143968,5,6.33111879535205e-11
53.5027169996708,5,2.65174533335548e-10
42.0746526627175,5,5.68902598142829e-08
50.5849384960272,5,1.0518740684606e-09
42.7608672096984,5,4.13126187540839e-08
50.4723791249425,5,1.10920234051511e-09
44.5050284087024,5,1.82903337275249e-08
59.5390337990445,5,1.51348497690179e-11
53.2837820025268,5,2.94103265522481e-10
47.7181741530777,5,4.05491588537672e-09
55.0304098301159,5,1.28669293242638e-10
43.4229742822608,5,3.03294407658854e-08
53.658334569409,5,2.46355732326432e-10
41.7394477003205,5,6.65056271921182e-08
51.7103385900741,5,6.18545154081184e-10
45.7040426514508,5,1.04334334409314e-08
53.8236877346571,5,2.27817949897448e-10
48.6461540686879,5,2.62126623924046e-09
41.8965957422187,5,6.18113270927575e-08
50.9525789273808,5,8.84437322339434e-10
52.2280044267291,5,4.84402175030209e-10
47.2468216547846,5,5.0598107019281e-09
60.4495047281212,5,9.81373778065995e-12
46.3837030514765,5,7.58663027497004e-09
56.0129341387287,5,8.07687507699658e-11
48.8252909511892,5,2.40940830522591e-09
44.3047356954478,5,2.00865542242081e-08
46.6695226328098,5,6.6346461418156e-09
54.4315019950789,5,1.7086494744023e-10
55.3459136914061,5,1.10804127318658e-10
48.7330706540892,5,2.51624891158844e-09
53.3595058432193,5,2.83757754979184e-10
53.4113506994086,5,2.7688484063211e-10
45.4977623347208,5,1.14921117902477e-08
60.4121609865041,5,9.98973733755372e-12
58.4225311885578,5,2.57337011429503e-11
55.4138023898867,5,1.07296210516215e-10
40.4104782403331,5,1.23413155899606e-07
48.1127041234435,5,3.36864852973271e-09
40.264022463967,5,1.32103058473998e-07
49.8902314775365,5,1.459351982572e-09
54.7136603200752,5,1.49496209551505e-10
57.1549390430564,5,4.69842328754321e-11
45.6750586215493,5,1.05760980846055e-08
52.8369665018215,5,3.63280044309822e-10
46.3777069269684,5,7.60799628814714e-09
50.3126348506032,5,1.19595264949705e-09
50.187220554835,5,1.26877565517941e-09
51.6196684897469,5,6.4559517115791e-10
57.2037661912772,5,4.59078171713897e-11
47.6182154958663,5,4.24988906166389e-09
43.649167463541,5,2.72885249196687e-08
51.5699563112975,5,6.60923661856638e-10
55.1786354039443,5,1.19943871381243e-10
54.0593446273836,5,2.0377842985349e-10
48.1141258735373,5,3.36639783787335e-09
46.7941573066804,5,6.25775299073169e-09
48.118722181721,5,3.35913193934287e-09
54.5050568121449,5,1.65017038143953e-10
52.791777203397,5,3.71122745280992e-10
56.0841215814616,5,7.80878803229988e-11
59.1615545730068,5,1.81109214502406e-11
47.5986353723849,5,4.28916198716331e-09
55.7882084686441,5,8.98493640570976e-11
41.7214612203592,5,6.70650792384907e-08
53.0204508467908,5,3.33098815896382e-10
49.7714196671748,5,1.54336092308519e-09
50.5573643814519,5,1.06563860772379e-09
43.6283510539255,5,2.75551915971059e-08
47.7271751514062,5,4.03780313380987e-09
40.0617524503229,5,1.45115394695643e-07
59.4390547860327,5,1.58719253201646e-11
52.7747514435786,5,3.74121221638564e-10
49.0104306908664,5,2.20838455733291e-09
48.1262118539137,5,3.34732566887738e-09
59.1458693504764,5,1.82464991169949e-11
51.2963443717526,5,7.52024288324025e-10
60.4419841277355,5,9.84893136662526e-12
48.1519439000451,5,3.3070776539073e-09
49.3718011148877,5,1.8629421524947e-09
49.9901322232847,5,1.39225549321999e-09
37.0061823248533,5,5.97241245260044e-07
52.5112022125229,5,4.23741907455589e-10
56.160666492038,5,7.53042594093979e-11
58.9985836675998,5,1.95700529225114e-11
54.0863122758627,5,2.01194159530728e-10
39.6881807489883,5,1.72595076092361e-07
48.3181221852977,5,3.05852857586417e-09
54.7794928723139,5,1.44907248498811e-10
48.9223782833591,5,2.30181503222532e-09
49.8876773242695,5,1.4611090708934e-09
44.454938096275,5,1.87239381170302e-08
57.5581710918179,5,3.87984570243053e-11
54.1325093705061,5,1.96842929867877e-10
48.8765952477885,5,2.35194178164358e-09
52.3774806988088,5,4.51377305480469e-10
50.1946591008311,5,1.2643355733702e-09
44.8139894844144,5,1.58285565067825e-08
52.6183777110823,5,4.0281651073731e-10
56.879642042986,5,5.35420587056405e-11
42.8060072228902,5,4.04516912303906e-08
51.1606415601275,5,8.0175134628976e-10
44.9998641894657,5,1.45096941171102e-08
49.3920317298013,5,1.8452815900961e-09
46.8995242949372,5,5.95583049411158e-09
51.2769872678938,5,7.58924770032247e-10
48.7946420587657,5,2.44440447666246e-09
59.3423224442951,5,1.66191513158547e-11
58.7407157562312,5,2.212223507819e-11
54.1766921350868,5,1.92769310385882e-10
55.4997619370727,5,1.03013117226932e-10
48.4226166092812,5,2.91187180881806e-09
58.9866472786872,5,1.96814246976007e-11
48.1486434726259,5,3.3122128144581e-09
51.6416016280432,5,6.38945460285687e-10
54.6117866396519,5,1.56884942375342e-10
49.7394714750539,5,1.56676235144436e-09
51.4284360012581,5,7.06577789568402e-10
50.5434716791379,5,1.07264153529192e-09
38.4413363714497,5,3.07623127947158e-07
51.2483002117634,5,7.69267565436766e-10
64.3829147507493,5,1.50479511195107e-12
43.3253427085733,5,3.17442050013332e-08
48.3945391751851,5,2.95057472733121e-09
59.5373873461612,5,1.51467067367699e-11
55.6132861836188,5,9.76169402665758e-11
48.7258517613816,5,2.52480901409031e-09
49.9949308270977,5,1.389111213298e-09
35.3786004256308,5,1.26428871272916e-06
44.7381135275077,5,1.64006779570066e-08
39.2012773659278,5,2.16328353148344e-07
53.3670900883558,5,2.82741804648967e-10
63.3391477284084,5,2.47633225193817e-12
51.5067465013797,5,6.80939522057172e-10
56.8485164461192,5,5.43387489947103e-11
43.6387114199722,5,2.74221480081059e-08
41.6121022860563,5,7.05689471427613e-08
48.7469220136147,5,2.49990505715325e-09
55.8807161139041,5,8.59940913974216e-11
44.5109369559294,5,1.82398512239172e-08
54.0601724299355,5,2.03698612133859e-10
45.3444044166301,5,1.23479877036911e-08
47.8778707201535,5,3.76176471880298e-09
51.8939059362143,5,5.67193718243983e-10
51.3734765498023,5,7.25144041798207e-10
48.2011069452728,5,3.23151785186762e-09
50.7603347503495,5,9.68377429538052e-10
57.0752355118774,5,4.87957179824879e-11
48.9700502004546,5,2.25075233580787e-09
48.7148254924052,5,2.53793996605992e-09
46.7777022456604,5,6.30626248069779e-09
43.5180692181374,5,2.90118821446855e-08
62.2254927208289,5,4.21155284103522e-12
47.2154521565051,5,5.13489200637889e-09
60.3984896206458,5,1.00549549043576e-11
55.5722036547867,5,9.95363548909063e-11
50.0078882671691,5,1.38065620703858e-09
55.8627019142868,5,8.67316653444084e-11
56.4965179483457,5,6.42153887995612e-11
52.2123902654039,5,4.87988044182255e-10
54.4007057203481,5,1.73374377912259e-10
43.2123514473658,5,3.34638378376448e-08
54.0909311490034,5,2.00754831582739e-10
56.2150096939897,5,7.33883478953215e-11
54.4133652398671,5,1.72338397292783e-10
42.4536964450462,5,4.76762956360064e-08
46.6412110807088,5,6.72336662111504e-09
58.0473771524813,5,3.07546514602756e-11
51.1326956760493,5,8.12392233508569e-10
50.8541535300745,5,9.26464373668213e-10
41.8263278346373,5,6.38680967708847e-08
58.1868738750396,5,2.87826167010339e-11
52.2932187307027,5,4.69707403329272e-10
47.8923337530732,5,3.73628281863544e-09
54.0683333701526,5,2.02913392349898e-10
43.5202644360497,5,2.89821504050493e-08
50.9304987223711,5,8.9369681826579e-10
57.8924354268775,5,3.31034909762284e-11
50.3701016422449,5,1.16399187892426e-09
47.0704877186671,5,5.49654572660741e-09
63.321136895125,5,2.49770074867005e-12
56.3548576724536,5,6.86786363269384e-11
45.734213419259,5,1.02869653052041e-08
54.0647146137815,5,2.03261204196759e-10
43.9405876251461,5,2.38144541392588e-08
47.0608698922458,5,5.52141942165397e-09
50.9865734297368,5,8.70368238700005e-10
46.3621893899466,5,7.66356894509485e-09
63.2159928738918,5,2.62617212353538e-12
51.3206611900622,5,7.43444390367557e-10
41.3912825627058,5,7.8209705169212e-08
48.538238029264,5,2.7577589757534e-09
48.0438497605169,5,3.47946319233773e-09
60.0476181083518,5,1.18822676767785e-11
43.4280661253181,5,3.02574047696149e-08
63.2427466023697,5,2.59287005939428e-12
51.4720630051473,5,6.92178093767287e-10
47.1821706857538,5,5.21576445987162e-09
42.7612291431943,5,4.13056437178022e-08
58.2243683126988,5,2.82744353438786e-11
49.7932536038182,5,1.52756886897042e-09
59.5849108815692,5,1.48081650504085e-11
46.354999847463,5,7.68945374105698e-09
39.8259170892994,5,1.61907035070483e-07
51.69791471393,5,6.2218368361253e-10
50.8536893441856,5,9.26667225384183e-10
45.0005827965608,5,1.45048140258195e-08
50.3789030800904,5,1.15917268172399e-09
38.2678335747626,5,3.33347457751861e-07
49.5676404839526,5,1.69883130719894e-09
43.7954704925052,5,2.5485508550165e-08
57.3213388751605,5,4.34157941829994e-11
51.3429390619921,5,7.35669657593282e-10
56.7422878867734,5,5.71479362906909e-11
52.5339986576744,5,4.19202077530665e-10
46.2126938666448,5,8.22012596021524e-09
55.5058320683281,5,1.02717193279261e-10
46.2632799243416,5,8.02742812695094e-09
57.4740535078777,5,4.03794265151329e-11
53.2091527463499,5,3.04667378241115e-10
47.3657129947853,5,4.78505447363481e-09
47.4033956315506,5,4.70111510823736e-09
46.2040964601947,5,8.25333163967115e-09
52.3067794809324,5,4.66708066225981e-10
57.7886607671665,5,3.47759558373775e-11
50.8777474807724,5,9.16211829739702e-10
55.6178626619917,5,9.74054227148421e-11
41.0393113637965,5,9.21276560599634e-08
56.0034036791926,5,8.11345651154475e-11
50.27615294307,5,1.21669520005567e-09
43.5425113271877,5,2.86825495338238e-08
55.6445020929129,5,9.61832395616291e-11
46.1788116630847,5,8.35176593808809e-09
52.7917808853248,5,3.71122099441861e-10
35.7613424939695,5,1.06013773069781e-06
50.6194473636871,5,1.03489742994393e-09
55.0054012827836,5,1.3020267215394e-10
52.0598584140991,5,5.24441202855085e-10
45.0406585811534,5,1.42352320812708e-08
51.185688609904,5,7.92332456651945e-10
46.3141907280644,5,7.83804085150616e-09
45.791882822124,5,1.00126815173582e-08
65.9414390972333,5,7.1475818532931e-13
55.9424674596487,5,8.35129269764961e-11
49.0421543905936,5,2.17565832101536e-09
58.8658261351646,5,2.08449731190807e-11
40.5561733304298,5,1.15333600314803e-07
52.4153772029762,5,4.43367789510523e-10
53.525202058934,5,2.62369249266414e-10
48.388667973225,5,2.95873242839807e-09
42.1036806653559,5,5.61258639730189e-08
41.3103213376128,5,8.12130460980591e-08
50.2847928494859,5,1.21175059948551e-09
41.5902416817363,5,7.12909376049158e-08
54.4987097473251,5,1.65513682598056e-10
52.470727938152,5,4.3192340962205e-10
51.9655919645609,5,5.48315259080577e-10
43.7228992235341,5,2.63645142697716e-08
49.2731687406439,5,1.95148896102208e-09
48.9028979401192,5,2.32301201961169e-09
44.7541196037404,5,1.62782975293841e-08
54.3032843847341,5,1.81557491859756e-10
46.7701642350164,5,6.3286095752987e-09
56.8857247979936,5,5.33877318040152e-11
54.7432532882244,5,1.47415711678107e-10
58.7119422799969,5,2.24268656420596e-11
48.8647944590144,5,2.36503771998146e-09
49.264759270305,5,1.95922998268319e-09
49.8426355133501,5,1.49244390367615e-09
48.5432196248852,5,2.75130493829993e-09
43.0364929007173,5,3.63267537470169e-08
50.1442603480579,5,1.29472469220187e-09
53.5220464890716,5,2.62761151360428e-10
45.4179989985156,5,1.19296112854467e-08
54.3842277261782,5,1.74732154464978e-10
49.7001303402417,5,1.59606577369913e-09
48.1131248099863,5,3.36798240846638e-09
49.0186096199304,5,2.19990047580374e-09
57.4305350156588,5,4.12224199855914e-11
58.7063005147335,5,2.2487085343011e-11
45.5675536430572,5,1.11224515312552e-08
51.5375974790367,5,6.71095891617398e-10
43.4592609950252,5,2.98197881852438e-08
53.2240347300463,5,3.02530968094435e-10
41.866367536338,5,6.26879031458943e-08
46.1045808440873,5,8.6475624742678e-09
51.396512583251,5,7.17303549896162e-10
60.4633368364245,5,9.74933618180369e-12
57.0217856507912,5,5.0049398166042e-11
56.5989560682903,5,6.11693834639342e-11
53.4585226633172,5,2.70775834046308e-10
57.8152493348861,5,3.43395753184669e-11
58.0230104703505,5,3.11127005418857e-11
54.6889999779085,5,1.51252289458442e-10
51.3255898185231,5,7.41717321986614e-10
49.0902480462114,5,2.1269650183107e-09
62.6489494408204,5,3.44166666108469e-12
52.6268934839347,5,4.01198758783583e-10
47.6878556873685,5,4.11309141407533e-09
50.7991831380334,5,9.50797414578406e-10
50.908633278946,5,9.02961548608643e-10
45.3449440820376,5,1.23448671481458e-08
51.5565161179016,5,6.65129870618333e-10
53.0017276130904,5,3.3606029998069e-10
49.3351152285583,5,1.89539869791122e-09
47.1813876975223,5,5.21768229974684e-09
39.6090731641119,5,1.79048397478583e-07
43.5411432280408,5,2.87008844406468e-08
57.7674479717312,5,3.51280735054617e-11
50.6049840677726,5,1.04197912044932e-09
51.5928171375853,5,6.53830064471342e-10
46.599112287224,5,6.85748448822449e-09
49.1637442680275,5,2.05464409681323e-09
61.3524122938515,5,6.38435671261688e-12
52.4722981225325,5,4.31603092191694e-10
57.9535971907943,5,3.21556454313591e-11
51.8391704511624,5,5.82043668867224e-10
45.8584721683083,5,9.70503188672684e-09
49.0968240743371,5,2.12039202466755e-09
47.5593648253872,5,4.36902326139224e-09
48.099517930462,5,3.38959447765973e-09
57.0619107206164,5,4.91052904071813e-11
49.2850762001244,5,1.94058014907926e-09
48.6012570101274,5,2.67721407377492e-09
40.6015881206283,5,1.12924514909618e-07
42.927730333509,5,3.82182220369238e-08
51.1064534199323,5,8.22512664513952e-10
48.5923721503195,5,2.68842617999974e-09
41.587929641517,5,7.13677264383787e-08
56.6576327939836,5,5.94900345076941e-11
61.4778265370207,5,6.01411175864937e-12
41.6846183261115,5,6.82257241207279e-08
45.6713405057285,5,1.05945395175453e-08
52.7032009627715,5,3.8698878414355e-10
50.225774756493,5,1.24592998510585e-09
46.2300154956559,5,8.15362880142457e-09
48.3497979147665,5,3.01331051680777e-09
52.1593578297245,5,5.00366102824317e-10
56.5100903755462,5,6.38032711240278e-11
52.0264722188033,5,5.32775634764681e-10
49.0331841100623,5,2.1848627172455e-09
42.3619937217873,5,4.97589946924975e-08
44.5741621773448,5,1.7708274801653e-08
50.5449632806607,5,1.07188746560626e-09
52.1705973875145,5,4.97716833455902e-10
46.910247804256,5,5.92592942381234e-09
51.6327763628655,5,6.41612857260086e-10
47.1343245082785,5,5.33425897393204e-09
44.6155570914455,5,1.73686346789583e-08
44.342935906054,5,1.97309084605859e-08
52.7566243139779,5,3.7734023690556e-10
49.0910720616375,5,2.12614027068132e-09
45.6227165999185,5,1.08386803481344e-08
54.8952920242081,5,1.37173767962402e-10
52.8383183478875,5,3.63047993581284e-10
52.7100541874564,5,3.85737421875762e-10
57.8615919708728,5,3.35920095042538e-11
57.7393833191842,5,3.55994015978508e-11
53.7036111821197,5,2.4113506040541e-10
52.5447850227596,5,4.17070957179846e-10
56.0989915725934,5,7.75391993480134e-11
49.9336435620442,5,1.42980765686654e-09
54.1266432706459,5,1.97390200560327e-10
40.8546630562735,5,1.00389437133351e-07
38.7249981853356,5,2.69755659531255e-07
58.8424253278756,5,2.10781450267918e-11
56.4949620708845,5,6.42628013911098e-11
44.6956308141584,5,1.6729961367295e-08
54.0661496188152,5,2.03123209515836e-10
50.6103000350309,5,1.0393706523307e-09
52.8949199391114,5,3.5346365523057e-10
45.057266915565,5,1.41249804051515e-08
44.2978722665632,5,2.01511269274865e-08
49.5480847137932,5,1.71454871705436e-09
48.2975336344099,5,3.0882815916002e-09
42.8541525832931,5,3.9553141881593e-08
49.5903567156784,5,1.68075411285991e-09
54.0635732687838,5,2.03371026376896e-10
43.2861513230218,5,3.2330451477847e-08
53.4497232768315,5,2.71905104610187e-10
58.1272232794615,5,2.96099470250536e-11
52.7826234576668,5,3.72731856364251e-10
48.5824246335694,5,2.70103486646534e-09
52.6356850331742,5,3.99535417767509e-10
39.5604404742744,5,1.83134388848787e-07
45.0322237055131,5,1.42915536748951e-08
46.4390804543288,5,7.39211007201676e-09
58.5127792347692,5,2.46534040238025e-11
48.861825352492,5,2.36834412474683e-09
55.3570147561144,5,1.10222787762338e-10
57.3875833299144,5,4.20716558862028e-11
53.4437828020312,5,2.72670132274708e-10
56.242267320577,5,7.24457586247675e-11
48.7286046861472,5,2.52154119821867e-09
43.4752402983834,5,2.95980720203917e-08
51.9358834890788,5,5.56061677102731e-10
51.6641967243467,5,6.32166508228969e-10
47.8165567348244,5,3.87173055583366e-09
54.5778654076578,5,1.59425192346404e-10
54.9086480592559,5,1.36308725042211e-10
45.6483109945518,5,1.07094796806279e-08
51.5389755719874,5,6.70659510880871e-10
47.9617065314242,5,3.61643022848363e-09
58.6404999952661,5,2.32014675641265e-11
48.8527294656261,5,2.37850205188185e-09
50.2448097442744,5,1.23480239427482e-09
39.5675268701826,5,1.82533278033563e-07
45.06741593896,5,1.40580272591826e-08
46.6436316325983,5,6.71573526440138e-09
59.7719967830471,5,1.35472461100622e-11
53.6044349345511,5,2.52717936594117e-10
53.1072489267181,5,3.19706406083274e-10
44.3274547675178,5,1.98742758054439e-08
50.9331394009399,5,8.92584358852519e-10
58.5274006431802,5,2.4482693499974e-11
49.5595592311714,5,1.7053088913746e-09
49.2618001049876,5,1.9619612096513e-09
46.9940214435471,5,5.69743245125748e-09
44.7645626553642,5,1.61989424449079e-08
51.3685471849558,5,7.26832862563672e-10
48.0598932872145,5,3.45332209526378e-09
57.9023253477581,5,3.29483544769373e-11
55.0580450120925,5,1.26995816128246e-10
51.4690318844422,5,6.93169023574751e-10
40.4596760008795,5,1.20623725884537e-07
50.2384872957713,5,1.23848737088568e-09
47.9461995141959,5,3.6428839064437e-09
51.766432338266,5,6.02379714280013e-10
50.0016184176337,5,1.38474098823082e-09
50.426045851572,5,1.13369661891456e-09
48.8166594606082,5,2.41921323566607e-09
45.389987365728,5,1.20871616992913e-08
46.5894440709918,5,6.88866013460021e-09
51.4446591008311,5,7.01188555712543e-10
37.1896051816295,5,5.48747159082517e-07
58.1614696256742,5,2.91321046638153e-11
40.2114150279459,5,1.35371096048641e-07
55.0042459990595,5,1.30273946451134e-10
35.504335995893,5,1.1932398601697e-06
45.0308529764177,5,1.4300727306975e-08
47.08392449313,5,5.4619824301748e-09
52.7727633078018,5,3.74472932745071e-10
49.0755957622064,5,2.14168372110711e-09
54.7116235302533,5,1.49640476662171e-10
55.5984801002326,5,9.83043994166659e-11
39.7429493187907,5,1.6826348446759e-07
56.1541092417438,5,7.5538789871812e-11
52.4610415752759,5,4.33904677984965e-10
48.097546310761,5,3.39273749057669e-09
52.4356356427436,5,4.39144446764147e-10
39.0347729670762,5,2.336869689763e-07
58.3887161012803,5,2.61505378320584e-11
56.1093469417382,5,7.7159375723341e-11
46.9605488807466,5,5.78765731120262e-09
50.4750542032361,5,1.10780437985205e-09
54.7120616796533,5,1.49609430539003e-10
45.5420006438114,5,1.12564006877383e-08
48.5833100319907,5,2.69991021831521e-09
44.6352029636362,5,1.72097227932023e-08
48.0432218866408,5,3.4804902443086e-09
51.0755940790394,5,8.34574720146387e-10
45.6273296871729,5,1.08152791918697e-08
59.9056172541446,5,1.27128407377909e-11
54.0781372917213,5,2.0197408288659e-10
51.1485364337269,5,8.06343408494833e-10
44.3483417649479,5,1.96810892452415e-08
39.7946411119843,5,1.64274611635169e-07
46.4078540778402,5,7.50117692404924e-09
47.2888470727096,5,4.96093796000763e-09
39.6854447084913,5,1.72814355983904e-07
55.8915912134477,5,8.55518546925175e-11
49.1279424125463,5,2.08956177406714e-09
57.5194390530503,5,3.95185917319013e-11
45.3337737444889,5,1.24096189661902e-08
49.7425056464992,5,1.56452475298232e-09
58.3696487651341,5,2.63885443934091e-11
48.6430962277073,5,2.62503943987260e-09
44.6656662869021,5,1.69661719820198e-08
56.5888986722968,5,6.14619430529957e-11
53.1322079784218,5,3.15955806591205e-10
46.0739636688411,5,8.77258811644272e-09
48.2121751356265,5,3.21474576409085e-09
53.5157067881071,5,2.63550269140075e-10
56.597851489971,5,6.12014464807261e-11
48.567649478376,5,2.71987162472235e-09
52.7839154987066,5,3.72504310879434e-10
46.4503881803808,5,7.35300587208773e-09
50.6140949453444,5,1.0375125307275e-09
45.7686673735968,5,1.01222095234372e-08
57.5723022778509,5,3.85389934741757e-11
53.6010741235172,5,2.53120026674468e-10
41.0644441498902,5,9.10568040879929e-08
35.5805497959686,5,1.15212282125088e-06
40.2560549827528,5,1.32592910667604e-07
48.5428485391689,5,2.75178518844817e-09
60.2216262759195,5,1.09379862490198e-11
49.2443143145986,5,1.97817780214209e-09
43.4572411946698,5,2.98479309212504e-08
46.1952027111611,5,8.28782262291144e-09
47.0579591705774,5,5.5289692534656e-09
54.9030938186745,5,1.36667798590799e-10
50.5375654988644,5,1.07563256703415e-09
56.1804035708387,5,7.46027081672243e-11
47.5227534191959,5,4.44481187912265e-09
52.3531018137176,5,4.56605982335644e-10
46.1448869595588,5,8.48567685767942e-09
58.5612671722479,5,2.40918068091472e-11
57.920551047824,5,3.26643587013244e-11
51.3374897037521,5,7.37563897155475e-10
54.3420448795431,5,1.78256541239956e-10
51.2928625830932,5,7.53260853923674e-10
53.1392957419032,5,3.14898754079384e-10
59.7710790362606,5,1.35531621185436e-11
48.9574451734661,5,2.26414301121257e-09
48.0845862933402,5,3.41346987774147e-09
63.202252550787,5,2.64344121836036e-12
49.9057475943862,5,1.44872312403868e-09
51.8431510358315,5,5.80950762910834e-10
43.7411026742367,5,2.61412292923521e-08
51.0495119867787,5,8.44906978041051e-10
42.9640540759466,5,3.75758524287748e-08
49.7008646218292,5,1.59551386574488e-09
49.201953893849,5,2.01801991362154e-09
39.6237199252253,5,1.77835699974008e-07
48.0009253736367,5,3.55037799110694e-09
53.1570532585586,5,3.12265908530206e-10
52.4673679161025,5,4.32609650787956e-10
46.7550146803719,5,6.37376086199178e-09
44.1996369093267,5,2.10983473348737e-08
51.1898743831456,5,7.90769206364399e-10
46.8867679407189,5,5.99159586901801e-09
47.1032603996049,5,5.41262484639095e-09
53.0905065175381,5,3.22247151244574e-10
37.9952585712647,5,3.78152337572044e-07
39.6239068619561,5,1.7782027529607e-07
48.1108812536228,5,3.37153640711032e-09
51.83096290826,5,5.84303604244649e-10
40.963368448404,5,9.5440245658852e-08
53.4117754886707,5,2.76829219258121e-10
53.8075870854807,5,2.29560072801674e-10
44.778502749348,5,1.60936145463875e-08
55.7920623424003,5,8.9685362299346e-11
44.184907988626,5,2.12441448266345e-08
46.9264152541214,5,5.88113138880457e-09
60.4179819564501,5,9.96209745681765e-12
56.5910076805013,5,6.14004786167807e-11
52.4023425476205,5,4.46106567253345e-10
58.8478358680776,5,2.10240026144286e-11
33.5950130392841,5,2.86644222627585e-06
44.5964313178462,5,1.75247446058504e-08
49.204829426808,5,2.01529018791398e-09
50.0983726931407,5,1.32302695643588e-09
49.739946654127,5,1.56641171230635e-09
51.2419134347231,5,7.71589317150907e-10
55.4584241980498,5,1.05051118596032e-10
45.7125109274355,5,1.03921144053438e-08
59.9104242737923,5,1.26837984489648e-11
51.15143774018,5,8.05240416981967e-10
46.4680785281546,5,7.29224274226213e-09
48.0856705158591,5,3.41173059396811e-09
54.151638931231,5,1.95068758382708e-10
44.369312762929,5,1.94890089720462e-08
53.3289615701423,5,2.87886332146442e-10
49.1670851440529,5,2.05141556833259e-09
57.2164187677324,5,4.56329241792464e-11
48.8268218967398,5,2.4076733726592e-09
49.2130496986605,5,2.00750703051373e-09
55.1135467589042,5,1.23700183870177e-10
47.3882660645136,5,4.73463885311467e-09
41.7808169987239,5,6.52364598511694e-08
55.346168533404,5,1.10790747521497e-10
45.6015810197678,5,1.0946543541373e-08
50.8054263724912,5,9.48002018039861e-10
50.7151371412882,5,9.89239129021717e-10
52.5143212261029,5,4.23117882321546e-10
46.2530660464196,5,8.0659695693418e-09
54.6986532560339,5,1.5056243428863e-10
52.8776899375019,5,3.56354168429999e-10
51.101791520836,5,8.24323656274565e-10
50.0039122586102,5,1.38324516373792e-09
44.1186562226156,5,2.19124705059398e-08
43.014532147963,5,3.6700998446463e-08
49.7673569229183,5,1.54631734534932e-09
42.0704251258957,5,5.7002445802969e-08
61.7768443039,5,5.21555571147299e-12
43.5641083580812,5,2.83946537106948e-08
54.0217742894143,5,2.07434049181844e-10
49.7584618589106,5,1.55280994124859e-09
54.1043189538276,5,1.99486840549345e-10
38.735954655482,5,2.68390060832499e-07
45.0705743491666,5,1.40372558362075e-08
57.8133398345657,5,3.43707316883696e-11
58.238234820727,5,2.80887725106949e-11
43.5171261712475,5,2.90246639794485e-08
53.8252464524627,5,2.2764999549185e-10
44.1364001687375,5,2.17314475475867e-08
44.5701332016255,5,1.77416835320728e-08
47.9691586479541,5,3.60378578064541e-09
53.7893451323338,5,2.31549957182497e-10
58.2260314920539,5,2.82521020450214e-11
46.493599652426,5,7.20546343931904e-09
44.4818809706403,5,1.84894501624954e-08
52.8678009634027,5,3.58023787667574e-10
49.0511997824507,5,2.16641601596111e-09
51.4309105722873,5,7.05753086233747e-10
50.0522776930934,5,1.35207842324331e-09
51.6617754886707,5,6.32889478207786e-10
45.8823477338787,5,9.59703513470064e-09
52.7076743471679,5,3.86171509780142e-10
51.7844223423582,5,5.97285048350323e-10
46.7588049619762,5,6.36243437883217e-09
50.0777106088962,5,1.33597146806587e-09
51.0119116147988,5,8.60027116619267e-10
44.8876514455774,5,1.52921709714771e-08
47.8010269948421,5,3.90008808307784e-09
50.8977533402974,5,9.07607185794923e-10
51.2783180743729,5,7.58448344388749e-10
41.9478678482499,5,6.03523455355909e-08
50.9714223497221,5,8.76610925165096e-10
51.8055267313213,5,5.91363176603648e-10
45.7247156236817,5,1.03328511896471e-08
49.0655335271079,5,2.15185036314043e-09
49.801786629132,5,1.5214409980406e-09
45.2735001141398,5,1.27648985746427e-08
46.6780602868327,5,6.60812133482369e-09
52.6527920583974,5,3.96318502650063e-10
46.1972611191587,5,8.27982711946087e-09
41.1197383937748,5,8.87442936970811e-08
47.5215337543355,5,4.4473591257616e-09
41.5974795100722,5,7.10510824416801e-08
47.8075218627608,5,3.88820324962337e-09
41.5715677332685,5,7.19135080327763e-08
47.2576533601798,5,5.03414065406824e-09
59.867423986602,5,1.29459623130201e-11
42.4190789605182,5,4.8452099768878e-08
44.8050358251568,5,1.58950199716303e-08
48.1898508188081,5,3.24866423255338e-09
41.3505177842369,5,7.97078229749201e-08
50.3977887920016,5,1.1488989445264e-09
49.9232503216427,5,1.43682605178571e-09
59.8190118968345,5,1.32475995347425e-11
47.1884579455475,5,5.20039000114476e-09
45.6755869255798,5,1.0573480354583e-08
51.9267485211801,5,5.58465476234111e-10
42.4954924262747,5,4.67560939916146e-08
37.4503514663014,5,4.86481664215346e-07
44.582843742143,5,1.76364992706493e-08
44.3103902948592,5,2.00335094606692e-08
49.6074180849978,5,1.66730324820231e-09
55.6138241658593,5,9.75920518266858e-11
38.3836559228016,5,3.15947881964731e-07
54.075068878348,5,2.02267598805442e-10
55.7198890898169,5,9.28068884496988e-11
48.8113589048475,5,2.42525410767555e-09
64.9760797779061,5,1.13361546760015e-12
49.9472878394343,5,1.42064577608403e-09
42.3989050998906,5,4.89099998554236e-08
54.1727964977503,5,1.93125078023224e-10
50.3896588325764,5,1.15331042176785e-09
59.5559968082947,5,1.50132284539588e-11
54.8831570741929,5,1.37964472754785e-10
53.9876183082279,5,2.10814205351769e-10
50.4165112893164,5,1.13880365806551e-09
45.6669644294222,5,1.06162854355327e-08
45.3786042127565,5,1.21517770463274e-08
37.9193990778349,5,3.91655483367144e-07
45.2826778975983,5,1.27101532571207e-08
57.8033198890372,5,3.4534685258957e-11
45.2028113622186,5,1.31945095797759e-08
44.8925807578249,5,1.52569309250904e-08
47.4329693484776,5,4.63626838422564e-09
58.7672057534855,5,2.18454333305343e-11
48.8994939979319,5,2.3267358549566e-09
46.2391083843806,5,8.11893646315297e-09
49.6462583198417,5,1.63708143039743e-09
49.860814295137,5,1.47971735421937e-09
58.4583114784622,5,2.52998591133223e-11
39.3682292241968,5,2.00212718996878e-07
45.9487608735216,5,9.30288841411754e-09
43.8281414996387,5,2.50993821916625e-08
47.1574909871669,5,5.27655400965782e-09
54.9006340279553,5,1.36827121912959e-10
55.7052865118363,5,9.3451524333573e-11
53.0686623766949,5,3.25592424926118e-10
49.5713299333361,5,1.69588216925825e-09
58.3960595483431,5,2.60594464182682e-11
54.0658768931683,5,2.03149428490511e-10
58.2122145848521,5,2.84381723107377e-11
59.58445027241,5,1.48114097486587e-11
42.1670831452921,5,5.44916867326092e-08
52.9185669095687,5,3.4953467586182e-10
50.6658636908275,5,1.01249320263538e-09
53.0762494095766,5,3.24426615887606e-10
52.0242207725947,5,5.33342412038133e-10
58.6791397228456,5,2.27792639111264e-11
40.3413543602967,5,1.27441254787213e-07
45.9839280698598,5,9.15078936392627e-09
57.150971923723,5,4.70727883845382e-11
43.5036656746501,5,2.92077173487642e-08
54.098106174172,5,2.00074270892306e-10
42.2941310597955,5,5.13583989143614e-08
45.633074230819,5,1.07862088190553e-08
48.1400189251086,5,3.32566938756481e-09
58.8209955091001,5,2.12939606056118e-11
47.3421772711445,5,4.83823765034984e-09
47.2542374780268,5,5.04222189871478e-09
48.7091342841123,5,2.54474413454395e-09
49.3842729086913,5,1.85203491969178e-09
53.861018799923,5,2.23829240521826e-10
53.1908892802252,5,3.07309806949523e-10
55.3885048638265,5,1.08590227582721e-10
46.6609658327627,5,6.66133695251173e-09
57.3515961682704,5,4.27966193918463e-11
46.8624907820309,5,6.06025516256692e-09
50.0911140356137,5,1.32756008727087e-09
51.4495274508752,5,6.99579327614056e-10
43.7159378553717,5,2.64504045574446e-08
53.9600924269059,5,2.13578182697651e-10
52.55518494323,5,4.15026425206961e-10
53.0450117769088,5,3.29253422718108e-10
56.2823483650663,5,7.10816286960179e-11
49.667130326566,5,1.62106715501084e-09
42.1780023227703,5,5.42150737359993e-08
56.5273388393932,5,6.32833398833306e-11
49.0094165827713,5,2.20943877285506e-09
55.4693929237557,5,1.04506457364512e-10
56.4361025637789,5,6.60823348353947e-11
53.0249031916001,5,3.3239842235143e-10
53.0895096619043,5,3.22399063038102e-10
52.943602966161,5,3.45422379629044e-10
46.1571453593509,5,8.43704405927098e-09
44.0144409939522,5,2.30064183636241e-08
52.3695862775605,5,4.53063892972183e-10
56.6643259074111,5,5.93014230997367e-11
55.9137881881655,5,8.46562449358742e-11
45.4397400979814,5,1.18087418799342e-08
49.49366466475,5,1.75905493424623e-09
46.9741511841606,5,5.75082189239589e-09
58.4723326800541,5,2.51318476237023e-11
53.0027559755057,5,3.3589696252e-10
58.898325196273,5,2.05254087758078e-11
50.1062722690879,5,1.31811110744266e-09
50.9180123586535,5,8.98975808524469e-10
46.3203553796646,5,7.8154129687703e-09
51.8047778272208,5,5.91572312493829e-10
38.2917020920714,5,3.29685406611224e-07
43.7417502727256,5,2.61333206128108e-08
48.5662466113115,5,2.72166692785474e-09
49.0369466194118,5,2.18099729057219e-09
42.968181885126,5,3.75035382112772e-08
48.2287472819484,5,3.18979547450153e-09
50.2397150082738,5,1.23777095355439e-09
47.9930869702889,5,3.56348249009239e-09
38.4473527991593,5,3.0676748418724e-07
48.394967751573,5,2.94998012407442e-09
50.9678604528351,5,8.78085003520717e-10
44.8997778219609,5,1.52056238802844e-08
48.2033420332025,5,3.22812391304209e-09
43.509658958814,5,2.91260711844791e-08
55.5106499233632,5,1.02482922863327e-10
37.9577136385967,5,3.84776462456394e-07
46.1844510613946,5,8.32971069855879e-09
51.7383107736362,5,6.10430571904494e-10
55.2327567960496,5,1.16907318585224e-10
47.8993910617522,5,3.72391136467078e-09
47.4875413559382,5,4.51894025946909e-09
47.7509750796611,5,3.99290076453896e-09
44.4284475204321,5,1.89573795142797e-08
47.2099616132734,5,5.14814712318767e-09
57.4003443128418,5,4.18175398704756e-11
53.8495474384828,5,2.2504744624205e-10
47.7428203987213,5,4.00822951234355e-09
45.7764866835194,5,1.00851860882336e-08
47.4187353840618,5,4.66736729763724e-09
63.0507855129819,5,2.84148867296591e-12
47.1675532222653,5,5.2516844753549e-09
47.2762103811426,5,4.99046386463876e-09
51.1819795937045,5,7.93720229743391e-10
57.3719431321002,5,4.23852102868587e-11
50.8628645502946,5,9.22665816598925e-10
49.1040555907969,5,2.11318723291187e-09
48.6912640478692,5,2.56622751387358e-09
50.4440002461632,5,1.1241415660026e-09
56.4960991553658,5,6.42281473339088e-11
49.1099647692114,5,2.10731802464062e-09
50.4553642005115,5,1.11813540240104e-09
55.6092113941988,5,9.78056562910362e-11
45.7269699102346,5,1.03219418130904e-08
40.3868902859174,5,1.24773250900347e-07
46.9546220816778,5,5.8037807495594e-09
50.7675385471534,5,9.65093191477834e-10
52.9046425426762,5,3.51842923856209e-10
51.7228794989212,5,6.14893879038539e-10
41.1929623107358,5,8.57717387769316e-08
42.7803699600984,5,4.09384369767741e-08
49.0538335705547,5,2.16373226042356e-09
50.5471902683495,5,1.07076261016469e-09
41.3638790265824,5,7.92136699205739e-08
47.7809519150758,5,3.93705261559187e-09
43.814593899151,5,2.5258783437556e-08
44.7054206392037,5,1.66535008497285e-08
59.9781430776077,5,1.22816349720256e-11
44.7481616660828,5,1.63237444383668e-08
50.8457892422488,5,9.30126414142509e-10
40.5434398041635,5,1.16018209448524e-07
51.8468139753352,5,5.79946878290117e-10
53.1215842493444,5,3.17546838923148e-10
48.8685451335961,5,2.36086753954437e-09
49.8713633862794,5,1.47238187231679e-09
53.0114026145895,5,3.34526723798953e-10
54.685852455688,5,1.51477903000949e-10
52.4492502017171,5,4.36328751087143e-10
48.9653559003943,5,2.25572996718216e-09
54.9918190195763,5,1.3104308526549e-10
51.4268223701306,5,7.07116084206481e-10
48.2625511656457,5,3.13949899836159e-09
49.946170111373,5,1.42139410263759e-09
48.44616211633,5,2.87980647357987e-09
54.1918970238452,5,1.9138697618229e-10
59.4035765194001,5,1.61420069064962e-11
46.9244173875355,5,5.88664889497175e-09
54.5183412599978,5,1.63982366461599e-10
47.2129976256826,5,5.14081345482768e-09
48.4415579183012,5,2.88604885723555e-09
48.1691028930484,5,3.28050751684153e-09
41.8279264224602,5,6.38205559011013e-08
52.295999901114,5,4.69090706526252e-10
50.2161374158548,5,1.25160192740045e-09
57.8691600681261,5,3.34714789460156e-11
47.1641791562915,5,5.26001066767428e-09
51.5234778647765,5,6.75583297695993e-10
45.8816952962848,5,9.59997033150079e-09
52.4003817107078,5,4.46520026735487e-10
52.9580284434176,5,3.43074881347812e-10
52.3584553892376,5,4.55452616926991e-10
47.0810254484325,5,5.4694212346714e-09
53.8406845124443,5,2.25993176653361e-10
44.6721520026005,5,1.69147647137435e-08
56.1784591448039,5,7.46715318241052e-11
44.5243038789635,5,1.81261564702923e-08
59.3479420127941,5,1.65747968008883e-11
41.2121809741118,5,8.50081225402543e-08
53.0408366286587,5,3.29903967693425e-10
55.4929939753142,5,1.03344064262365e-10
43.8442216878167,5,2.49114833345918e-08
46.3026582992229,5,7.88054717196144e-09
46.0616485673619,5,8.82338378772297e-09
51.5987515109053,5,6.52001109838967e-10
45.8491165477404,5,9.74767999206759e-09
55.7396970194268,5,9.1939547551025e-11
47.4127296339428,5,4.68055121331552e-09
39.9934186067796,5,1.49793844661099e-07
54.9797420862223,5,1.3179490050084e-10
44.8138640884757,5,1.58294854116201e-08
50.9958615132302,5,8.66563225637907e-10
52.9773380504087,5,3.39957471282944e-10
47.1927551234024,5,5.18990796762259e-09
38.8441038135304,5,2.55274431866089e-07
51.2790663998848,5,7.58180576658609e-10
48.4452017117807,5,2.8811074800898e-09
